Id,Predicted
1,-1.8786567512481425
2,-1.0514021419930872
3,-4608.170460000003
4,0.6909354807588894
5,-2.26809319855831
6,3.53234400244429
7,0.23011632719825145
8,1.678413058078189
9,4178.636569999999
10,-3.495161560007824
11,-1.0180956533866212
12,0.06079197155282745
13,-1535.8839240000034
14,2.674832298254048
15,-7325.349740000002
16,0.5179302300519834
17,-373.7985300000004
18,1.096840539496639
19,-2859.087179999987
20,-9045.722469999995
21,-2923.4527499999986
22,-7653.953344666694
23,17.3617598671079
24,-1.2875992508570402
25,2.8136198478901706
26,1.1949523677106884
27,0.7112911167939399
28,-1.903659939455496
29,-2484.768350000004
30,2.5564025379051087
31,-25278.424970000004
32,-3.5483796794070197
33,1.2021813551000162
34,0.7352352792088657
35,-0.33336666425443606
36,-0.7723597523215895
37,2.113058277824011
38,7.603106243134744
39,1.2907043231133288
40,-2051.1923832468424
41,0.3268821663741336
42,-7492.493273333314
43,0.5004627410570438
44,-1942.9264499999972
45,-7.65910197550335
46,-6642.228216666619
47,0.9833833182922272
48,-7453.604650000028
49,-1.2011727594777173
50,-5642.3481599999795
51,-0.23811174578404473
52,-1.2590842639102013
53,-0.47401966915583216
54,4.795102247284583
55,-0.6420440873240492
56,-8814.311250000008
57,137.0138100000001
58,-0.7441905879649415
59,-0.09122570492254885
60,2.0458842293272013
61,-8542.650299999996
62,27.530049149230678
63,0.742706293961519
64,-2042.8817179999965
65,3079.6177253162937
66,3.79934455955767
67,-2.3721235546874997
68,0.5614457908078598
69,17.383794865855226
70,-29440.054471333264
71,-7524.555420000015
72,-0.13189918455467425
73,0.10730799836610827
74,0.34401460476301343
75,-1.038147644985887
76,0.42043746345252764
77,-1.894082569610438
78,627.0260357063513
79,0.609610757843121
80,0.24807926452254664
81,-0.7257697604784888
82,0.24871535629709549
83,1.56284678618494
84,-2.271099216495319
85,1.0713558977203252
86,-23133.461820000073
87,1.3285703581387776
88,-1.3171619330408217
89,0.27551896792680547
90,-0.15018863627917267
91,1386.6142
92,-24886.171810000058
93,3.1386014009111354
94,-5398.171499999996
95,0.6926224416897481
96,-1.407453414838195
97,-1057.6704900000045
98,1.6536638652218976
99,-0.01070582588297009
100,-0.6538059337125853
101,-1.5169417566130285
102,-578.8889464319976
103,4.62613684918211
104,1.6922057897995175
105,-0.8087811355831779
106,1.2869266412391904
107,-10752.420150999986
108,-0.9550318813289798
109,-0.08879456576757795
110,-1530.9791005714258
111,-1.0009979771466149
112,0.41145384335584
113,0.24364360112655095
114,0.09682280097949754
115,-1.133620260533247
116,0.4596173942805387
117,-2.4930745463088413
118,1.9383150713528123
119,-5007.902709999998
120,-2.40351491588364
121,-4906.483430000009
122,-22568.828580000107
123,0.12011985977250564
124,-9507.004589999982
125,-0.7487775981904999
126,1.6295775641534305
127,-1190.2745899999984
128,-9113.015999999989
129,-2844.631579999999
130,0.8398344261757713
131,-12393.061410000002
132,2420.742403535282
133,-2455.632349999995
134,1278.8424020762034
135,-932.3407500000037
136,-8081.520160000009
137,-0.72966032401267
138,1.5900986793022869
139,-8490.587019999994
140,-0.32372339852329446
141,-1.896148914593678
142,-1372.8651499999996
143,0.5159495213460075
144,-1776.8957899999994
145,0.10153797512083987
146,0.9256270160031576
147,-7140.5720400000055
148,-1858.0819866666684
149,5.1149138109029995
150,-21329.921680000047
151,4085.477648252691
152,2.671613821544901
153,-1.098158881418479
154,-1109.2595999999983
155,-1.1789663577437823
156,-0.5234230465934006
157,-14374.171869999996
158,911.108477669148
159,1.0025846292226643
160,2.8517997524652636
161,-2215.892899999997
162,-7954.221179999989
163,-0.3160026840907431
164,-0.9266422299841275
165,-12079.077869999994
166,0.586071613174299
167,1.0706183124292712
168,307.1959599999996
169,-0.4385985468076791
170,-0.4914391139855786
171,1.182204502716748
172,-0.613409349056667
173,-4799.0748633333415
174,1.3194804797448592
175,-1.2315155778850717
176,-1.675613286221963
177,1.1615178503038985
178,-5393.747439999979
179,-2.5265230815027415
180,-2025.8611399999968
181,3.3267926202930287
182,0.9733038814355355
183,-1.1632592917076863
184,-3.087228454328678
185,-3.352697758584262
186,-244.29709999999955
187,-0.7704625169837755
188,-0.8169066052341043
189,0.5883684986594032
190,-0.05232230893178315
191,-6974.902969999994
192,3.2327926003618646
193,-2076.2119299999986
194,-0.0797329017092356
195,-786.8800100000016
196,-5021.031299999999
197,0.13140431373248124
198,-0.34595965644319254
199,-3486.553279999999
200,-2052.579539999988
201,1.3757832104206678
202,2.2416973584861184
203,-34852.39646235146
204,2.175487365712878
205,-10051.558430000003
206,1.0423632411664892
207,-2.7012793508710202
208,-0.5535135528450896
209,-1.1034491398627284
210,0.022665635688612976
211,2.5926596263317196
212,-0.7368574037972135
213,-26813.123159999952
214,-7585.9776500000025
215,3.009902994654756
216,-0.7408300800884077
217,1.4960322970875932
218,0.5445752493205088
219,0.8341002840279905
220,-8.7883453281946
221,0.5577927541251416
222,-13868.879050000034
223,-28750.80059666665
224,0.756934518086466
225,-0.14417137734211777
226,-0.9617311128522881
227,0.31137026168345955
228,898.1686366666663
229,4.243695771217258
230,-1.4789663376354372
231,0.05279523430361867
232,-4152.424670000022
233,-0.7335822983894165
234,1.8894035061477839
235,-4123.918639999979
236,-9859.232629999962
237,-0.5176204103069394
238,-4515.655929999985
239,0.5499149375202599
240,-1.763243902059563
241,1.0054061445205782
242,-3340.0822399999893
243,-16891.97001000006
244,-1211.313250000004
245,0.5496004631062783
246,-1.680186316901246
247,-0.2775240671384135
248,-25.936510000000045
249,0.8397000952021872
250,-925.1485899999974
251,-493.47611831941714
252,0.768844537620518
253,-4824.652939999998
254,-2143.8330299999993
255,-0.928691002067202
256,-7974.72204000001
257,1.5759950363633208
258,3.214803379851225
259,3.5474144973447097
260,-0.45219485119086733
261,-3977.59436000001
262,0.8435180681139468
263,-0.05226214920200623
264,-0.1330217599812398
265,-9938.32857999999
266,-8359.05566666667
267,-9662.532904999987
268,-3.4000189006958283
269,2.2083503619325153
270,-9420.215179999957
271,-3.6758873002916337
272,-9.635447142857071
273,1151.9337150000022
274,1.0150639075928976
275,0.9780757803060051
276,-6105.433866666659
277,1.7403559370820163
278,-0.2640145905983696
279,-2.4995806027919345
280,1700.0218799999961
281,123.8843351267311
282,-7787.5808499999985
283,0.8873814284842738
284,-4529.0085900000095
285,-8593.344156666679
286,-4114.253880000002
287,-1.9938737324442029
288,2.8467766600792483
289,0.31593023275005067
290,1.0454871666799561
291,8.041671309119323
292,-13.014857749046623
293,-1.0915852950087725
294,-0.7669151388768661
295,-1.315328837425921
296,1.3545774502459635
297,-0.3809616874846758
298,-0.3936175754236227
299,-1.6069451506550645
300,8.48192229253793
301,0.28966639326412785
302,0.6655044791516513
303,-0.27360976824564603
304,-13309.247390000002
305,-0.612906420178597
306,3.3341363882380053
307,-6713.790859999998
308,-2.626687060463718
309,0.840311398937031
310,-0.13544865192370112
311,1.429924899108988
312,0.925744654236656
313,-7122.408179999988
314,-1.348105554834183
315,0.658526729476151
316,-1.0536272944033473
317,-2.6965476140619304
318,-0.07566024168172386
319,-3.212617782078577
320,0.7052955716197673
321,-0.43371673507600605
322,-0.6455700464850165
323,-0.27312455217914594
324,-1688.0109500000028
325,533.3010899999995
326,-0.9033864087517507
327,0.9885729802966153
328,-1830.061079999997
329,-0.7575606579581253
330,-18859.53378166667
331,-11158.451800000023
332,0.29371585441291787
333,0.7848497457644042
334,-2.7750043210077107
335,0.13234665131727405
336,-7704.453960000006
337,-1.1973197878885278
338,-0.789196752429514
339,-10397.896990000003
340,0.35629811006644574
341,-4006.452950000003
342,-615.3897633333326
343,760.2769599999978
344,-1.5947787383198067
345,-1.9474605203734092
346,-5609.373950000005
347,0.5551252683290123
348,0.9191439001513175
349,-5459.562760000001
350,-0.5495408776235032
351,1.1623913730553264
352,0.12294594616558052
353,0.499535822395397
354,-0.4201979359014097
355,-730.9522422212525
356,-3048.5644900000134
357,-2.431422771430621
358,0.40588715419708976
359,0.4133134706330436
360,1.6394020150453281
361,-1708.3299299999992
362,2.2359446787857995
363,0.33527165733828856
364,-0.36471620557141493
365,-1625.0999199999978
366,-9495.876749999978
367,0.5648130566923802
368,-6592.990520000002
369,2.322003111464393
370,-0.4579994527316093
371,-0.7905721916838845
372,1.6231940942709977
373,-1.3536680123354559
374,-6936.69827999999
375,-0.1530072642015907
376,1.459562136718038
377,-1.7990752892949096
378,-3804.522593333345
379,-5921.86328000001
380,0.6981546919004734
381,-0.5943426265081673
382,-0.8248973748037924
383,-201.55190000000016
384,-3.7371135992872184
385,-2.1979533200641033
386,-7244.461669999994
387,-4669.270039999991
388,-0.7179894357207705
389,-0.7373969775751076
390,-1.8541516843012986
391,-1.4321618983455202
392,-4471.692131999972
393,-0.26109868235837486
394,-14932.399679999937
395,-7332.409480000015
396,-0.4619516475333963
397,-7.809039999999953
398,-0.7364125438298676
399,-3789.8165199999758
400,-0.7572771978036723
401,-1.816333154483072
402,1.853432531575526
403,0.5114716281823039
404,-2.5814730245230164
405,-0.9569486662178697
406,0.7831343178287308
407,1.161519603716475
408,-0.4914564165578919
409,1.827194045820126
410,-2.939623887047907
411,-0.734935523494006
412,1.153068822010574
413,-1.7579450198650965
414,-6865.104299999996
415,15.326860460915126
416,-0.6493816657370689
417,3.425923850326397
418,3.002534524441573
419,0.9459666003035705
420,2.7190934244651697
421,-8.308413673549289
422,-1.3633517050291846
423,-2142.9143566666635
424,0.19075589608652266
425,2.554774778599266
426,0.7716119069167787
427,0.7371437459399937
428,1.013127311976825
429,-1.1260819260394834
430,1.647172726884708
431,-1.237417925373521
432,-1.666087556664753
433,-1.812095171110718
434,-2.222154380262213
435,-2905.69713000001
436,-6374.122319999996
437,-0.7681453227683601
438,1.436554564723881
439,-19841.924490000016
440,-318.27912000000026
441,1.15379539545125
442,-0.3546135106026466
443,5.0544016140543295
444,-1.515407865084394
445,-6808.836260000007
446,5.952265696290051
447,0.6707210388932464
448,0.960839922213673
449,-0.1609856558804827
450,0.4642342427264705
451,-574.5433699999995
452,1.9132653296874922
453,-1374.9035300000003
454,-6.0484709519777855
455,1.2502647811639387
456,-1982.9146899999955
457,-0.5908135999730356
458,-6.740519576506326
459,-0.13492738985358493
460,-3827.7811619999966
461,0.1008892076793532
462,0.418526187786443
463,-4145.269829999984
464,-12617.754569999985
465,1.4841122907845188
466,-1.4595244540653658
467,-0.9883346182570838
468,0.9355809514463643
469,-9940.873640000016
470,-0.31792108386867757
471,-0.3719195619161605
472,0.8573429465382799
473,-9031.818293333345
474,0.9232020938208659
475,-579.8948450000007
476,0.8228331912809097
477,-0.288256075621502
478,1.9691585921480774
479,1.980515080395053
480,2.362727937900684
481,1.0626659102822822
482,-11931.607649999987
483,-0.6574505923832378
484,3.966634536089196
485,-5441.870809999998
486,-5.041067105885947
487,-0.654765764279328
488,2.0449513501491547
489,0.5412379941451989
490,3.4769840311565576
491,1.7436298531083796
492,-2.062516921498484
493,-7253.799939999979
494,-5376.530789999997
495,-12552.11195999996
496,-656.2416500000002
497,-1.4446289222855622
498,1.6527031983510072
499,1.9527213692357046
500,-0.04037229515683217
501,-10848.42847999999
502,-7392.7941300000075
503,3.0893498295387865
504,961.8084000000019
505,-3.288954623762906
506,-6742.945590000001
507,5.720716204051996
508,-6.644490000000035
509,-2.3410641904696265
510,0.7673518558269454
511,-3.6992959263976615
512,-14136.961679999982
513,-2.2397371905427264
514,0.5710861790229006
515,1.9838959375538747
516,-2.484610693283718
517,2.050887246439009
518,-0.8476704005284769
519,-0.2189940222894972
520,13.603596410148723
521,0.28740093000746614
522,-0.18601846497780256
523,-0.34065294786139005
524,-4894.555383333328
525,-0.2527632978216574
526,-28.252290000000244
527,-0.7583593268833607
528,3.5719320073607728
529,-1.621913395811846
530,1.8624300861872571
531,2.1625611110693708
532,-485.14347999999916
533,1.432152421738581
534,-0.42817937402384043
535,-0.2752408892590264
536,731.6162000000008
537,2.4527771805401346
538,-34860.05964066664
539,-3897.719319999991
540,0.09854217573134522
541,-4454.682760000001
542,-174.13719999999972
543,1.4928039350121667
544,-4.379278105150801
545,-0.3855169624120732
546,0.4658681036085965
547,-2157.174100000008
548,1.6761225967948596
549,1444.8117299999974
550,-3.028825225352932
551,-0.9034045109356162
552,0.6966805593390929
553,1.6462218553302859
554,0.8269680440224311
555,-2.01773243981204
556,-3597.2372433333435
557,-1.1080027896211098
558,1.1925732004626157
559,-0.3191659904081508
560,1.259500109231926
561,-2.7340902296266254
562,-435.99494999999933
563,1578.3175159175216
564,-5647.863596666688
565,-15171.572973333374
566,-6567.913169999979
567,-2.6297293445036614
568,0.2324458099201281
569,-2.0066496945191408
570,0.08853608879305874
571,-5188.456879999985
572,30.752303095461112
573,-12539.621549999949
574,-0.08275134862309833
575,7630.740440664534
576,2.2763756483604487
577,-1.365806803727836
578,-17989.591859999953
579,-0.5786711897725585
580,2.2041068981132947
581,0.013657138083848748
582,-1331.6866400000017
583,-0.7993452276106293
584,-8035.474280000006
585,-4284.671480000002
586,-4298.079253333331
587,0.6600089277796867
588,1.2478930611676506
589,3.413317498172226
590,-0.3475898594138101
591,-11560.231455000008
592,2.479553344881088
593,-0.15348375337276618
594,-4139.571080000006
595,0.37990127305459215
596,-4899.910686666662
597,1318.129348491887
598,-8.349261958259634
599,315.0840486188427
600,-11255.06689999999
601,-0.11555025878018645
602,1.2172398393792636
603,0.18938943721472487
604,0.850784083656543
605,-2.8205866069777232
606,0.610752298502929
607,-0.23889405245826753
608,-1.5474633339120007
609,-0.657367693823882
610,1.2506335619129418
611,-1.8907277734711534
612,2.076538689460544
613,-708.9341167010526
614,2.181016362488134
615,-0.34307694417809276
616,-6212.433809999997
617,0.6904043714468868
618,-7033.254750000016
619,-18776.08191
620,-1218.9425799999992
621,1.1235471004818407
622,3.0803550409488802
623,0.2471017471890085
624,0.959847122724207
625,0.42691725690626464
626,821.1382816666675
627,972.9807066666668
628,3.0761118394841502
629,-5453.426459999997
630,-4556.198370000005
631,-1.8191800451396385
632,1.3985465436598283
633,2.024538304290915
634,-1.5849779837427898
635,-0.03422353039329567
636,-9922.475189999996
637,0.16043193539186296
638,-7695.387080000022
639,370.88590000000005
640,3.9289798318047318
641,-22334.90322000002
642,-15318.746530000011
643,0.34641425137349163
644,2.610057407862709
645,0.7834352976554761
646,-2.337216812078794
647,1.239129783266992
648,1.842274133478908
649,0.9817681541256497
650,-1.7217637466045081
651,-7.272529394695377
652,-0.25780832377426127
653,-1.624049885132506
654,-6274.842139999973
655,-12951.022899999994
656,-31746.942716666563
657,-30.664918630876315
658,-1.9621376005797617
659,-0.6688183698122919
660,-1.319542892522908
661,0.5012771844170472
662,0.7317342556735541
663,765.1381499999994
664,-0.41633112288214835
665,-6631.981400000005
666,-2.100856130345642
667,-2.4024053850905287
668,-1.6273092139616014
669,-5401.023549999991
670,-8771.573796666602
671,-11721.995609999996
672,0.16107732100446492
673,0.5078345931216035
674,-3533.48714
675,-0.9025482940350034
676,-1.7592977017359834
677,0.796791338945315
678,-7231.910729999996
679,0.008735992506574815
680,-1.873613406194196
681,-0.559885833329175
682,-1.2724880334285074
683,-3.1628422006825616
684,-9592.696290000018
685,-7251.472930000012
686,2.2309379056424854
687,0.7364505435725707
688,0.07089947896348812
689,-1.7144931123415554
690,0.3314478384382112
691,1.2268914843007939
692,-394.32235999999983
693,-31321.835809999917
694,-19905.459610000005
695,-15074.835649999995
696,204.51691999999994
697,-9.281813614401976
698,3.601159257080097
699,-1.9251441675643368
700,-0.8292196719252626
701,-0.4569474407568296
702,2.356863748543118
703,2.937542184514907
704,-0.9098382463988937
705,-0.15863549247819142
706,-2756.4184599999912
707,-3141.790269999999
708,0.8904809161384936
709,-0.29203687535978545
710,-19509.968035000005
711,-1.3079648336332221
712,-18500.139669999968
713,-0.18191152231027072
714,2.1586346989645455
715,1.9431472609611071
716,1.4964505502128467
717,-0.2580947763286372
718,-2.5433482073828126
719,-3224.912599999999
720,-0.363971794153383
721,-7.188290174461356
722,-0.8585897144684427
723,0.2896815179104067
724,4.001177845528602
725,-0.1654381612642316
726,-11908.97382000004
727,6.6780724593869465
728,-0.8430946631136922
729,2.6336924247755658
730,0.43183477881925647
731,-1.6904175794914098
732,0.43569400384543494
733,-1.992935333485376
734,2.527186846299203
735,1.4538365064850416
736,-14891.334549999969
737,-0.09896045389971474
738,1.0725204082187971
739,-1.1222533209678154
740,1.2654474357216488
741,-3.378380416874095
742,-3.983396501469585
743,-15261.413843333386
744,-0.8138234656766428
745,1.478831047727718
746,0.8151980248266835
747,-6093.993970000026
748,-2.0560641565499407
749,0.0372614675017351
750,-1.3355265163568801
751,0.5135016416160406
752,-7026.41618000001
753,-1923.5181600000044
754,-1.6226042889304115
755,-2.435048099561517
756,-1.521247107884494
757,827.3248903709886
758,0.636699899265614
759,2.5940859133000047
760,-1.7393518133037755
761,0.04843611316755378
762,-2.6323187781537523
763,-0.5095830705307656
764,-1.281096114131783
765,-0.48054308306164034
766,-0.6787551287838629
767,-0.9090359437711167
768,-1.6288791259390725
769,-9036.34047999998
770,0.29695124689818575
771,-0.9031129807668125
772,-11892.532639999996
773,-0.4661718242860449
774,-1535.6742400000003
775,-8035.187159999983
776,0.1500113974462314
777,-5137.187419999997
778,0.23678608892806102
779,0.05622996990492142
780,-3.457597733193695
781,-1.263854552209677
782,0.8751947170479718
783,-0.8167529190072258
784,-2.5952884852525053
785,240.62349000000006
786,-0.008388439250929788
787,-1.0230106388478601
788,-4.969186584863793
789,-0.27135199921616965
790,1.8048432173121027
791,-17092.48641000006
792,-77.58265527614557
793,-1.798011251010467
794,0.9653357183504114
795,-1.5547676169542402
796,-10108.937700000019
797,-7315.645919999998
798,-0.32664033481995225
799,2.2625555583546024
800,2.2728197262273353
801,-6191.616669999996
802,-0.957038873004036
803,-106.79991000000041
804,1.1721298242092415
805,0.3537038227735869
806,-18380.561450656416
807,0.20167203852505913
808,-0.6434215233447683
809,0.8748123421972906
810,0.9123062162734636
811,-9095.674390000018
812,2.6935401208244847
813,1.598411523395855
814,-21260.276580000056
815,845.3102478590231
816,-2889.3883199999973
817,-1.4513615008661649
818,-0.9643620593652141
819,-19022.427577142862
820,1.9314646469349384
821,1.518466271764629
822,-21260.846220000058
823,-2.3334717227959683
824,1.9222976874730633
825,-0.9119703731744125
826,-33944.04289532945
827,-0.9577850471573893
828,1.1582423320598727
829,0.418676309373771
830,-0.6538617959712784
831,-95.15452999999981
832,-0.9778417658978426
833,0.1900166756412459
834,-0.8540549187872659
835,0.907482414089732
836,-1.0892306311562867
837,2976.5856769852426
838,0.093765047549147093
839,-13269.886820000002
840,-0.9200642119921486
841,4.92676897871867
842,0.3932385748807631
843,1.7807896565091585
844,1.3180747744718666
845,-0.16371674778860115
846,-2298.1670299999964
847,-1.041273778340886
848,0.31467653060072204
849,1.1522476474007406
850,2.9304911345986087
851,-2.357326504552302
852,0.05288530676605735
853,-0.9451181767849002
854,1.2888541900292017
855,-18873.76957714283
856,-2816.495726666666
857,-405.2797899999998
858,-10413.238329999971
859,-1.0131694310089983
860,-7154.3551666666735
861,-0.6258397392923803
862,3.448711814608567
863,-0.35768246613741517
864,4.384512934545479
865,-1.028392657154892
866,-7847.51715333335
867,-2.245817568870511
868,-2.3898794003131214
869,1.7345885799082463
870,-542.0648385022429
871,1.4595482308218697
872,-0.80205837710358
873,0.5076826381653464
874,0.5996374834602205
875,-1.3421801975263623
876,-0.8677810401701725
877,0.30805836927608016
878,0.6542490816706678
879,0.59812428848563
880,-0.4874007549136962
881,3.3857020806224227
882,-0.39831492099028376
883,-2289.272075999999
884,-10055.869659999991
885,-2660.8340699999985
886,1256.9049000000023
887,-12124.720759999993
888,-530.6958899999998
889,16.23228146648232
890,14.396227752611917
891,0.6911389202909809
892,-6140.143829999999
893,-2.599111172292799
894,-6583.851950000016
895,0.9955405636702146
896,-1.4025722207813591
897,-9.080430581474664
898,-3614.966490000005
899,-1.346423902616434
900,-4410.75134
901,-4300.648430000008
902,0.7007863189164819
903,0.32905001256133815
904,-0.14324500616561697
905,0.360149805200093
906,1.5282523819261769
907,-0.9514652535479434
908,-2419.844440000002
909,-0.8441027098522194
910,-4.944411528019594
911,-1.8575452944158277
912,-8351.009599999985
913,-2.5964615810195912
914,8.186814696166623
915,3.1343323681737716
916,-2952.688020000005
917,2.2314499485504817
918,-0.2442198529075035
919,-0.4792629264742565
920,-17285.936900000015
921,447.9927879590451
922,1.4504829340599625
923,-8240.084650000008
924,-3.5148961148150297
925,-0.13309596353895767
926,10.145791678176245
927,1349.078879999997
928,-7243.438006666669
929,2.2486881097985347
930,-3526.7420260000004
931,-15448.598030000005
932,1.9937509483128477
933,-1.1648340197455125
934,-22631.78037000011
935,-6671.90178600001
936,-3479.017079999993
937,-6588.215190000007
938,0.06326867170899293
939,0.9237525797306172
940,-7793.372809999996
941,1.5905701758738842
942,-10106.232769999988
943,-7353.740670000032
944,2.632316018774856
945,-0.3576966585260517
946,0.34611444570694994
947,-2943.864059999995
948,-2.4766024745676294
949,-15466.452473333346
950,-0.8028714444926088
951,2.9931633217673
952,-0.9308533170847954
953,-1.0367447316899447
954,-16047.548990000034
955,0.6160141586583607
956,-0.6066167998362485
957,3.982367460612704
958,-0.985041864506411
959,-1.9651749259897295
960,3.5941280082993567
961,0.6791593842091241
962,-0.563705047868085
963,3.1613658814275407
964,2.2229915274423595
965,-0.7161845833346306
966,-1.2320220644515916
967,501.3320800000004
968,0.5966211204695813
969,-19958.874959999986
970,-1.926566307952079
971,-4.449959019720128
972,-0.14423390649271273
973,0.5673234841334945
974,0.8013527041879921
975,-1681.7782399999983
976,-2.7389626445240607
977,3.553095846631546
978,0.4687990193829332
979,-20677.09211000002
980,-4437.21968999999
981,-1.6383616154455551
982,-5186.24125999999
983,-0.009598305850494109
984,-2.2343990041910176
985,-1.1016820631425692
986,-0.9161430858170748
987,-12422.36559999993
988,-14.387716228618178
989,-1.392460237353632
990,1.4407144098282019
991,2.7893200536074008
992,-18793.84836999992
993,0.76924337771308815
994,0.5669542327155266
995,-0.9162557191738048
996,-1.4317305164916707
997,0.04256503789841395
998,-1.8851018336519592
999,0.8811820401818464
1000,-0.6514723849358117
1001,1.1373464442813463
1002,-5729.349279999977
1003,5780.777029507934
1004,0.07431578286644339
1005,-2.0904862015646897
1006,-0.5175387386848398
1007,0.3155087330252407
1008,-2445.9000600000018
1009,0.761017668696265
1010,-2.554603586218906
1011,-4.086114212683726
1012,-2.179616474150915
1013,0.6786022574232821
1014,-6064.09291666665
1015,-0.40416911794729266
1016,-0.6151298899373896
1017,1.1296510269995268
1018,12.111814329895646
1019,-0.9107951283744796
1020,1.1646401312471544
1021,-0.2043774652407062
1022,-1.0968944256120914
1023,1.2853663787692204
1024,1.7497114664235065
1025,-0.615882401238866
1026,-3.0136025574901417
1027,-1.8450336913008485
1028,0.6581046553461029
1029,176.30696
1030,-0.3907808295692524
1031,-0.253252897348907
1032,-0.13656047272988409
1033,-21934.236320000015
1034,-0.40812441019607815
1035,1118.9003491447354
1036,-1.5225166958230012
1037,1.411277691924544
1038,-0.37741272814493676
1039,-13448.58857999998
1040,-1.2612165935975184
1041,-17240.75710000002
1042,0.8930414949508956
1043,-2.508097487875856
1044,-15522.342083333368
1045,722.7350400000005
1046,1.0747977636367143
1047,-7687.570979999993
1048,0.1357901586125171
1049,-1.5948823139608883
1050,-1.2410642012794635
1051,10.042719525893924
1052,-9952.152730000002
1053,-2.3760259342638506
1054,0.14736200657400067
1055,2.182680435628033
1056,3.284720913036751
1057,-2.5804905264827473
1058,-1409.2284618357328
1059,-3.295587377263772
1060,0.5500677820912099
1061,0.6284775404525362
1062,571.2605299999997
1063,-2856.1578699999995
1064,0.1146911599273898
1065,1.4121601944909044
1066,1.4681051649707884
1067,-3264.792340000006
1068,0.01032677492857336
1069,0.7941696285330009
1070,3.8172566217487387
1071,-2.199703623002847
1072,2.128415393949804
1073,-2.4610959209202106
1074,-5480.1872899999735
1075,-0.8077178811781356
1076,0.2029652135135644
1077,-9499.565519999995
1078,3.5894023089828853
1079,8.921659867912908
1080,-579.1794299999984
1081,-0.001800396734429511
1082,0.8848108057770451
1083,0.2222504721826759
1084,1.450045303313554
1085,1.7942351021303087
1086,-11099.391049999978
1087,-0.9007441135625349
1088,3.807277941673207
1089,2.03877468368609
1090,-1800.856079999999
1091,-0.8214505320524457
1092,719.4511300000003
1093,-3.1322737457500347
1094,355.02049999999946
1095,0.9028636703829815
1096,0.3576108177597713
1097,-2.7049120528947914
1098,414.9458299999997
1099,-2.0444081376937886
1100,1.2303014980634763
1101,0.5683131450258605
1102,0.8088705453750639
1103,-15251.267443333354
1104,-1.1300956020208484
1105,0.3921722730619528
1106,-11395.147879999991
1107,-4350.286053333346
1108,-1.3450018882286818
1109,-0.39220598436548415
1110,0.21432066410089745
1111,0.012611172828373304
1112,-6117.952156666659
1113,-9069.10747000001
1114,-4077.1011750000102
1115,0.740299087497915
1116,-0.6240393819161971
1117,1.2732531678082972
1118,1.4471289655810948
1119,-939.0135999999992
1120,-0.6980346069491523
1121,-18154.709430000003
1122,-1.3745244708345268
1123,-2.183416428364475
1124,-5058.531610000001
1125,-2616.755479999994
1126,-0.10105869794446973
1127,-1.5116364294661915
1128,-7266.112200000004
1129,-0.6478801638291724
1130,1.3306353768821648
1131,2.5275476770536214
1132,-0.8943497024394627
1133,-0.5361270306102318
1134,0.601785282636179
1135,0.5883931632400097
1136,2.4209117616417712
1137,1.2212221198281679
1138,-11614.885445000064
1139,-6067.7288999999955
1140,-2940.3600199999896
1141,0.17813677892636498
1142,-3006.766070000008
1143,2.4719838575904505
1144,-0.4941136339459833
1145,0.8687281976527229
1146,0.49312041004279344
1147,-7.224706667953286
1148,1.4217013391861015
1149,2.2780744743586743
1150,-1.5749076318118904
1151,-1000.0774400000023
1152,-0.9171485608006611
1153,0.8328737378839622
1154,-0.16735718188450843
1155,2912.4347500000076
1156,1.00634309534875
1157,1.5181265385573874
1158,-0.589430084474994
1159,-0.26938989723769147
1160,0.0715632458281461
1161,-10735.869371999986
1162,-3390.0929800000104
1163,-0.3278034511546286
1164,1.4217851379311592
1165,0.8269728749790487
1166,-2400.6691400000013
1167,1.597645429879273
1168,2.8286775849333807
1169,-4154.058589999988
1170,3.788700544030142
1171,-3.081045536142398
1172,-5536.870976666653
1173,-1.3265662911138192
1174,1557.1513106184573
1175,-0.7007640169893551
1176,1.5858911321212803
1177,-23873.24003000001
1178,-6480.437716666673
1179,-15261.415183333382
1180,-4209.728000000026
1181,513.3101256184548
1182,-0.03069204084908036
1183,-3104.1219600000063
1184,-1.5665702459396835
1185,-4880.303349999994
1186,0.716288681629182
1187,-1.3054202001217066
1188,-13882.688000000002
1189,1.9358823454525513
1190,-0.43532146367994884
1191,-7093.7751100000305
1192,-0.2893688301813641
1193,-0.710464702564733
1194,0.2623867544155145
1195,-1.1231727606226465
1196,-4523.737200333336
1197,0.7695242399728466
1198,-0.6561737024056538
1199,-3007.392293333335
1200,-1348.0894399999988
1201,3.093806985845995
1202,-475.3503076396214
1203,1.4479423853287736
1204,-5537.448386666671
1205,-2.2352421802572917
1206,69.18021623577128
1207,-0.012917427859969209
1208,-2.4434525912231817
1209,-1.3437154518251637
1210,0.34603868977582775
1211,-2626.702290000001
1212,-4.516696474228613
1213,-0.32059113180599796
1214,0.4188855082663037
1215,-0.5824945546745557
1216,-18340.795519999956
1217,-2171.6100299999935
1218,-819.5225099999988
1219,-0.0408290763380062
1220,-0.5684066762420102
1221,-2.9688047449737707
1222,-496.0512000000003
1223,-77.42173999999976
1224,-3404.7567700000145
1225,-0.34820010768903986
1226,-10758.167599999982
1227,-1.0035433255624808
1228,-16924.86698000003
1229,-371.0991600000001
1230,977.6184699999997
1231,1.0366390327116723
1232,0.8358870833242257
1233,-1.8740842502382158
1234,-3160.4250583333314
1235,1.4438758277157062
1236,0.1335891986169715
1237,0.3706367288681288
1238,-1.6458231527224003
1239,-2.7653177779606724
1240,272.59812000000005
1241,1.0349272228897575
1242,-0.987742271103351
1243,0.8468177163435656
1244,0.691756612389942
1245,1.9470301345764647
1246,-0.6623521011362726
1247,0.3984294401273643
1248,0.3782948655708301
1249,2.0838403109847294
1250,-2741.1771399999893
1251,-15020.28610000005
1252,0.15813073826157506
1253,0.5346236473161103
1254,1.7830551572243445
1255,-1.5187426252872416
1256,54.841700000000195
1257,0.08416325875486268
1258,-11427.684520000035
1259,-23772.047570000024
1260,-27189.286488000074
1261,-5501.891213680775
1262,1.1418457087146798
1263,-26712.026853000003
1264,0.8569531005545896
1265,1.4621841364411585
1266,-2506.0814099999875
1267,-0.007101327573305199
1268,-0.9080400147190254
1269,0.025853684395344353
1270,407.76978999999903
1271,4.165345363289446
1272,9.283426754986072
1273,3.1855212039471934
1274,-16820.27641
1275,1.310352931539911
1276,-209.99013000000048
1277,-0.7836929909921068
1278,-1.4060682730754788
1279,-7159.264214000005
1280,2.0456723344698142
1281,-1.208978925587086
1282,-14123.98983666673
1283,1.893693879166819
1284,-0.913145962245886
1285,2.811451137779685
1286,-1.3475159158056491
1287,-7811.335224000001
1288,-1.5684002162286388
1289,-1.7347455482584584
1290,-1.9003798958521203
1291,-1736.50506
1292,1.6559119321716047
1293,-1.2113434934209748
1294,0.270106047427975
1295,-1.3023557921286797
1296,0.3249712730200241
1297,-1.429497272314073
1298,1.356236797116913
1299,-4354.192040000011
1300,-2634.354159999998
1301,-4200.160140000017
1302,-1.861309327120503
1303,-0.7612001675156084
1304,-2.1830241709273084
1305,-0.8770554729105
1306,2.9757946219577738
1307,5.30710295297985
1308,2.146981062287651
1309,-1.0608472055754437
1310,0.41210598739554266
1311,-1.9264280128668567
1312,193.98551397597794
1313,-21075.77446000003
1314,-0.05787341891228547
1315,-2370.157710000003
1316,0.806080564716289
1317,2.649736065928001
1318,-17104.775950000072
1319,1.0644577978945209
1320,-0.2126540318532114
1321,-22447.406490000067
1322,0.21561062077324902
1323,-2.5431039642901982
1324,3.2393601338504223
1325,-0.38214748860301156
1326,0.2754533935763846
1327,1.829953413958697
1328,-2884.033809999998
1329,0.41307575891145243
1330,-2.7519020768219082
1331,0.548608807870407
1332,3.6880870894804136
1333,1.8953356951419804
1334,-1.3496056117973811
1335,-0.38251907588602335
1336,1.320099652216661
1337,-5905.745319999985
1338,-1.2419216840678462
1339,0.9659346053033866
1340,-0.21068094512691857
1341,0.8562523566450471
1342,0.8690169294195497
1343,-12750.665409999989
1344,-2.296076006483501
1345,-12604.531200000023
1346,-1.2324196768082396
1347,-2.5167830083131237
1348,-9.563319144162353
1349,-8175.763139999979
1350,-15.292502529150589
1351,-2.2065724242077165
1352,-16669.446350000035
1353,0.5772527967910895
1354,9.581725928881843
1355,-328.7276539851605
1356,0.31776685034851904
1357,462.73337999999995
1358,-14228.984550000017
1359,-0.4598030120217344
1360,-12765.157999999974
1361,-0.38847969986790565
1362,-2779.4573800000016
1363,-0.10616190929651557
1364,3.1675705169655903
1365,1.6825613706264955
1366,-12531.32236999993
1367,-0.6684118888666324
1368,-6.002981036265708
1369,1.0307626697155448
1370,-1513.59907
1371,-4825.5607099999925
1372,-5095.848909999992
1373,0.5559231944487989
1374,-1.0035062231459777
1375,-0.12640175886432362
1376,0.6737455471567687
1377,0.8909276477801021
1378,-12226.591459999963
1379,389.18842999999976
1380,-3.0399347427943444
1381,0.962322984509386
1382,-3255.824499999995
1383,0.5793531258324619
1384,-0.2141263527147262
1385,-3.240213327367708
1386,-0.7445867870430362
1387,-2612.217270000005
1388,-7386.252670000018
1389,-1.724084794960588
1390,-1.0179313756644632
1391,-5745.3105075
1392,0.31525548661529285
1393,-0.25048871533882633
1394,-0.6571925529058978
1395,1.3764452912439582
1396,2.2982382084299404
1397,0.09276872469232407
1398,1.3652434672451634
1399,0.3990127293229336
1400,1.567803658930239
1401,987.7676548982755
1402,-2.3073456937180583
1403,-3508.0334499999994
1404,-0.8600238499949276
1405,1.4745228300498205
1406,89.2788603244099
1407,-0.028551129982258755
1408,-0.4788693981680527
1409,0.29187458085137064
1410,-8512.53739500002
1411,-2.892508533328169
1412,-1.6360607582507753
1413,-2227.828590000001
1414,-0.4304636523441036
1415,1.3858565901814361
1416,0.6014029640955105
1417,-3517.8954200000126
1418,-1.9253090239053923
1419,-2409.005469999996
1420,-2.320623840004235
1421,0.6054844163799107
1422,2.7756958247898336
1423,2462.503904911452
1424,-1226.5834533333364
1425,1217.0010619194002
1426,0.20215449424917756
1427,-3181.484480000011
1428,-1.3859866257449933
1429,1397.1073025527664
1430,-4014.1239800000076
1431,-0.1313648255705511
1432,-4.1357347888875164
1433,-1.536356725562004
1434,-1.301020085244292
1435,-10806.851258000012
1436,-20154.81145000003
1437,-1.1288246599094425
1438,-3691.3465400000027
1439,-4978.774299999998
1440,-1.9100644916707774
1441,-8904.100440000002
1442,-1.4082166397633482
1443,-0.23381018381743782
1444,14.632285193254763
1445,0.10932672363099293
1446,0.04029583251061231
1447,1.7251741784560786
1448,-0.0048686868189628816
1449,2.333393608759584
1450,-6.133499991859601
1451,-2.4730141380063415
1452,1.4975405046628483
1453,-1257.1897799999995
1454,-3167.730440000002
1455,92.14486495513198
1456,-2738.8245000000047
1457,1.852341616268162
1458,-3.9494808270578477e-4
1459,2.345153348015175
1460,-5276.646100000002
1461,0.9636270070957247
1462,1.556048938689631
1463,2.0376364064517962
1464,-2.411842778439301
1465,8.685143943843167
1466,-0.3582363500525796
1467,-3318.9625900000037
1468,-3994.753900000016
1469,-1358.3799566666682
1470,-0.6379410141799283
1471,-7164.327169999986
1472,0.3711671594495454
1473,-2.8598373383816793
1474,1.4468812038977015
1475,-1.9359281084447078
1476,-3334.0956299999893
1477,-5132.599759999997
1478,0.6834987236608372
1479,-3.468067269100237
1480,-1.7195062202257754
1481,-3.5397684613730784
1482,1.0623615263232402
1483,-1814.9217699999992
1484,-0.013423455999031848
1485,-0.8468706310370614
1486,9.004731575875292
1487,-8430.164046666656
1488,-3.5485142155422182
1489,-0.9169141512411731
1490,-7749.019059999995
1491,-1.3388748168260745
1492,-2961.286730000001
1493,1.4797491843901858
1494,-0.10621107180909418
1495,-552.7502798459635
1496,-13208.224760000026
1497,-648.4599333333342
1498,-0.7493938716029064
1499,-10494.05840999998
1500,201.01644343617227
1501,-6391.8453400000135
1502,-2.07376321574838
1503,0.6137113612601951
1504,-0.7045741160585928
1505,2.4213055197666065
1506,-6165.98264
1507,-3.1407700827106
1508,-874.6140600000008
1509,472.44637503126086
1510,787.8096399999994
1511,0.3173936240416054
1512,0.3567360769229461
1513,-0.5262862168234942
1514,0.14699225246854297
1515,-0.4513395379512256
1516,0.43049134357836094
1517,67.7961286514635
1518,0.8490826485902833
1519,-0.879338415126009
1520,1.4595482308218697
1521,-2527.4253100000033
1522,-2.1199186497101308
1523,233.01742000000044
1524,-1.3493886877253165
1525,-14392.004109999996
1526,-1347.089739999998
1527,-0.2490998178685229
1528,619.704184450901
1529,1.3805074067631413
1530,-1.0116566694103537
1531,276.8014200000008
1532,2.303708505918407
1533,-0.4892311132844971
1534,-1.8090726243956352
1535,2.041252196886569
1536,-5557.359130000001
1537,53.350400000000064
1538,-0.6137184367128031
1539,-412.2657899999994
1540,11.54654147522719
1541,-5765.025879999981
1542,-4539.595519999998
1543,-0.0253006284148547
1544,-0.018811104419971972
1545,-2.521182667006996
1546,-28985.18780570251
1547,-0.529373294354426
1548,-0.9914123739832005
1549,0.912138351724475
1550,-2.1413679718352605
1551,-8735.032418928566
1552,2.060869243612824
1553,-2593.0994880000035
1554,-18568.980039999966
1555,-1436.2992269523834
1556,-0.8731868762919421
1557,5.070921445866022
1558,-30405.34632666666
1559,1.1549164946989916
1560,1.8042574256138517
1561,5.79470759607843
1562,-0.6528890114405429
1563,-1.3962408127490862
1564,0.9639796034704557
1565,-5.068442426648901
1566,-1.3564135270469062
1567,1.6789963739350744
1568,-1.880179401088069
1569,1.1415001940750777
1570,4.118199439139908
1571,-4010.4466900000066
1572,-13438.697759999983
1573,-4898.418380000006
1574,-2.0439990788924893
1575,-5.471927273869247
1576,0.47715141200138345
1577,-0.8274626233478967
1578,0.02405380383023333
1579,2.773635262386744
1580,-8354.459016666693
1581,-3.9588759245426446
1582,-8.799007060589295
1583,-0.814012473052399
1584,-3.1427843646759794
1585,0.14105457007682803
1586,-7471.726129999994
1587,0.23084064561170808
1588,0.1041671298272602
1589,-0.061484465851206954
1590,-6055.513629999997
1591,0.5146651091903802
1592,0.2835925099528305
1593,-12324.65957999996
1594,-20694.729180000028
1595,-1.7146098438024897
1596,-8963.913389999992
1597,0.22611522306959128
1598,-5769.951876666654
1599,-1109.8166208367304
1600,0.6942078589727818
1601,0.767273703722376
1602,-4397.8031899999905
1603,-1.5560978918069468
1604,8.278193429450917
1605,0.3431306373020032
1606,-0.8534643838940859
1607,-3.546637382965249
1608,1.757098709588111
1609,0.11173888817685239
1610,2.494705736393862
1611,-12848.861960000022
1612,-0.8120219817317745
1613,-5140.422400000003
1614,-3051.3752600000134
1615,4016.4049695759563
1616,-1.2829265201287607
1617,0.6582650006931302
1618,-17692.053510000012
1619,9.347379943938101
1620,0.08926929778978607
1621,-24482.592550000023
1622,-1.1332716261903575
1623,-535.9681499999995
1624,-1.1222612245167354
1625,-1379.6761299999998
1626,0.8494538326684574
1627,-0.5171400820777687
1628,-1768.269359999994
1629,-15183.355630000031
1630,0.19688903791109683
1631,0.7371437459399937
1632,-0.40101137710076934
1633,1.5092432729368155
1634,-2.7622027985841684
1635,-27041.901260000057
1636,-0.893834313144784
1637,3.2771728288045763
1638,-5796.554419999996
1639,1.5619736021305048
1640,-15263.763613333389
1641,-5321.386570000015
1642,1.617762682069795
1643,-0.01306082440363703
1644,2690.591232229411
1645,0.17925340938496717
1646,0.34103680433707034
1647,2.234774747900109
1648,-0.8507221211727387
1649,0.08666586796811053
1650,0.049736924079069794
1651,-6169.102729999997
1652,-15337.505273333321
1653,-4283.781486190481
1654,-12900.549690000013
1655,2.0548297592838414
1656,2.6250484131813585
1657,0.42355418450449744
1658,-2.130911078575807
1659,-1.667974844051079
1660,0.10770120855669453
1661,-1.999701913180166
1662,3.321050962282874
1663,1.2435437096823927
1664,2.7929587539871554
1665,-0.14483113490663319
1666,-11580.38129
1667,-16136.854850000036
1668,-16.15023001628975
1669,0.8921182712574935
1670,-1.9365753204086562
1671,-1594.824240857138
1672,-6414.11016999998
1673,-5619.876219999986
1674,-1467.4766200000004
1675,1.3310192439511384
1676,0.41080848866313163
1677,-171.15891000000036
1678,0.5395025316722549
1679,-13840.891410000031
1680,-0.24526097734506308
1681,2.085473116956416
1682,0.7368339892268424
1683,2.0281729588400155
1684,0.26135646833994347
1685,-2.730741856648113
1686,-2.6359027143513623
1687,-1.3556115168404272
1688,0.9978668882563433
1689,-0.37098956736549926
1690,0.9403767144947262
1691,0.8198995290940418
1692,-3254.25014333334
1693,1.1426100934856798
1694,-7230.711299999993
1695,-864.0536300000015
1696,0.35022015157332925
1697,2466.1445048408013
1698,1.007078196389573
1699,-0.16094265920773726
1700,-2279.7474300000085
1701,1.4885364661711586
1702,0.3809916981876581
1703,-5382.918470000015
1704,0.2635119904664617
1705,0.07133844721044573
1706,-34960.02582401807
1707,1.5230691331624713
1708,-2211.002040000005
1709,3.551457435794402
1710,3.995141475228082
1711,-3195.6694800000078
1712,0.5226228517340928
1713,-0.28513693628868864
1714,0.7643651093227902
1715,-3804.0905599999996
1716,-1.6727431486657822
1717,-9275.782769999985
1718,-6308.895820000004
1719,-0.5949523071442085
1720,-2.330776162345072
1721,-4461.317570000004
1722,-0.07833333960373232
1723,-1253.3969499999992
1724,-18863.502129999983
1725,-5509.324580000005
1726,-0.3836918604709277
1727,0.957019079306772
1728,-0.6109586375610321
1729,-0.9029048814919572
1730,2.237586451578272
1731,-2.80356165353671
1732,-67.64747666666634
1733,-4.425002583574863
1734,0.2874430517266271
1735,0.978027073774001
1736,-23694.19119999998
1737,-0.034268163040253465
1738,4.17516198265043
1739,1.5162647169597343
1740,2.141060198055704
1741,1.772722105077502
1742,-3457.7355400000083
1743,-69.28903000000048
1744,660.6804149999995
1745,0.24949565805440474
1746,-0.5407480124137073
1747,-1.330259674707428
1748,-999.7522033333306
1749,-2612.562999999993
1750,-1059.5906699999994
1751,-2.4639526270183394
1752,-2.131202579606149
1753,1.6136803853996835
1754,-1.1696027039711236
1755,5.004017856224013
1756,-2.285390449865817
1757,-2864.736690000004
1758,-1.939577985717929
1759,0.37279422279808633
1760,0.9765108241194886
1761,-3.6525983613465947
1762,8.692592987300264
1763,2.9472693191725425
1764,-5161.849590000002
1765,3.228948843154045
1766,-1.7906333099725797
1767,0.5167489440588893
1768,-23237.581929999964
1769,-863.9898583194184
1770,2.9642187629226746
1771,-8831.279100000005
1772,-1.008468858584205
1773,1.380183335539519
1774,1.9364269230339703
1775,0.057804160566678066
1776,-1.0569149402798865
1777,-26820.821740000043
1778,0.2586009521164043
1779,-1.4816886523856807
1780,-0.12923034536506092
1781,-7410.588789999998
1782,-8078.118843333324
1783,-8323.311240000014
1784,-4199.707327857145
1785,1.6482585480794998
1786,1.7599603730159907
1787,1.6682623590188306
1788,-21616.628310000055
1789,0.2210942223873848
1790,972.9716800000012
1791,-6664.262378
1792,-2.5331695505584895
1793,-14687.451439999963
1794,-5498.503500000001
1795,1.273116809082298
1796,-18697.754580000033
1797,-0.9313478672179681
1798,-5727.525730000001
1799,3.702532651251827
1800,-4071.6676350000043
1801,1.949496803861351
1802,2.8308998925876545
1803,3.438622749613626
1804,0.6723327118294331
1805,1.6402613176310257
1806,-2358.6578400000044
1807,1.5381649127437997
1808,-0.4018108419546872
1809,-5272.924859999983
1810,-3583.1303400000065
1811,-0.17652515325705403
1812,-0.8311346763055125
1813,-0.4240599637972631
1814,-1.8434288211729646
1815,1.2722401272451611
1816,1.3590307349492137
1817,-4960.210939999988
1818,-1.244643981445879
1819,3.8772476208359983
1820,539.2876600000005
1821,7.193595849992958
1822,-1.2058640441578745
1823,-3532.46722499999
1824,-0.6421225225253047
1825,-3814.347860000003
1826,-8927.552586666676
1827,-0.6943044128983585
1828,-6087.064949999996
1829,0.7192622652215013
1830,-12957.510089999965
1831,-0.4632282971275995
1832,-1.118907801502797
1833,2634.2640989150264
1834,0.9213991312943935
1835,1.2631794619581886
1836,0.4427263180544172
1837,-0.9244420492080286
1838,0.9341466070186591
1839,-33862.15198333333
1840,0.21694487051561936
1841,-0.3749949679652234
1842,-0.9306599827693844
1843,-7602.133780000001
1844,-3090.237479999995
1845,0.04706276790909047
1846,2.89857685204823
1847,-7222.403039999965
1848,1.0029225971375162
1849,-1.3055344032709895
1850,-11610.692900000033
1851,1.9415608722461268
1852,-12788.063241999995
1853,-0.8735981415216973
1854,0.9542995666634355
1855,-0.18923386979653561
1856,-2013.7333600000002
1857,-133.86731000000023
1858,-13073.639268834711
1859,-2.9096391811222406
1860,0.4846728660134018
1861,-1.4528083929509537
1862,2.0947505753159765
1863,-3000.944540000001
1864,1.298199412592417
1865,-10995.007810000001
1866,-1553.2754800000007
1867,0.17838948081599282
1868,-282.4618568162149
1869,-0.457592931739817
1870,2.0751547324215838
1871,-2.0134306356719693
1872,1.373901726831373
1873,-3931.39192666667
1874,1.638008073709611
1875,-9438.382214999996
1876,1.6134955444699435
1877,-0.12080489717180729
1878,-5929.775486666666
1879,-2387.97746
1880,0.47528732976949234
1881,1.9399711716859067
1882,2.010544833779145
1883,-6798.239869999984
1884,2.4698979275732467
1885,-1.300337875197959
1886,1.8945912494504324
1887,-638.3127799999999
1888,-13821.68820333331
1889,-2.829663460199504
1890,-2653.5261800000053
1891,-30456.90146666665
1892,-192.84106000000023
1893,-0.1682703437177504
1894,-2219.3662900000045
1895,0.15625658500942965
1896,-2.079535572843906
1897,-8015.446849999994
1898,1.8385557918340776
1899,-16855.39063333334
1900,-4588.075370333331
1901,922.1366584871613
1902,-1.4463402063429456
1903,0.9962684942176309
1904,-7660.249636666642
1905,-2207.6313500000024
1906,-0.9447349691892006
1907,0.6806089646692338
1908,-11000.907189999969
1909,-1.5833244807767772
1910,-0.25394391831559
1911,-5832.532029999994
1912,-0.745343169126323
1913,1.3405389800266847
1914,1.3484562280801187
1915,-1.8120117355472964
1916,-16904.19117000002
1917,1.46328908236618
1918,-2544.4929199999983
1919,-7402.5823600000185
1920,1.224185388441064
1921,6.342865644210396
1922,8.868480774921466
1923,-2725.7361500000006
1924,-1.352898525850278
1925,0.2649924285889045
1926,-1.6430221488103998
1927,-4785.786979999992
1928,2.6303316124580136
1929,-6828.742100000037
1930,-3321.4056133333324
1931,-2.952220502286017
1932,-1701.5323099999991
1933,-0.5413352551687076
1934,-2.6254890361217584
1935,2051.1028299999957
1936,-1.5394146457671225
1937,1.0166639329941602
1938,2.309584110022241
1939,-8081.384339999988
1940,1.2260235488098428
1941,-5598.4312199999995
1942,0.9933620161221699
1943,2.1841146890688723
1944,-0.5866775211342214
1945,-3646.1800600000006
1946,-15097.641863474439
1947,0.8836158256694503
1948,-0.5929514661120423
1949,1.5442281921735888
1950,0.3334679344944496
1951,-1.8824210107283084
1952,-3752.0853299999976
1953,1.4568469214547248
1954,-6592.381539999999
1955,-10624.236159999977
1956,1.5338399183761942
1957,0.16212634316485253
1958,1.6369136458300473
1959,-0.9677498669122713
1960,109.49481333333324
1961,181.44136000000023
1962,1338.98861
1963,-2.009074326640882
1964,-1.3000242560693638
1965,-0.5339263413326159
1966,-1.6799631936211639
1967,-1.9030176684758184
1968,1.404127313707632
1969,-4.052106347984149
1970,-4010.211935000005
1971,0.48442509065478606
1972,-1.7794961104909122
1973,0.7854767991862112
1974,-1.9827276438432337
1975,-4242.524569999978
1976,-13066.891858834717
1977,-12857.07752000002
1978,-0.13608357823209188
1979,-0.5366693130716225
1980,0.3616515337085117
1981,-14500.668010000018
1982,2.161184877629369
1983,-35668.61765000005
1984,-1.8043291452104748
1985,-0.7419046221233325
1986,-0.49520740655602924
1987,4.518852864388135
1988,1.5316005378266688
1989,-3.006080593926528
1990,-2.2643203742281
1991,1.5723426304301762
1992,-0.5262289855215909
1993,2.1019550383814245
1994,-5850.527293999992
1995,0.6439148738844271
1996,2.462102345908081
1997,-1085.4583000000014
1998,-0.5674092843562135
1999,1.9638244546521113
2000,0.6764958707121198
2001,-2.3305479862506275
2002,-0.4184793835517123
2003,-0.13038076781553168
2004,0.5310022321446466
2005,1.9201951480207586
2006,-0.2840130730570112
2007,2.266689425414901
2008,-7249.202829999989
2009,-0.5414275656768016
2010,-2.5767441875717045
2011,-37194.02196
2012,0.87465538954787
2013,0.039876769410458
2014,-3.900865683452565
2015,-1.9222557180461335
2016,-252.5962400000009
2017,-0.7652219651406741
2018,-3385.347379999987
2019,-18955.259790000015
2020,-0.3506466396628158
2021,-15447.843989999958
2022,-10441.017699999982
2023,-2.302035915027652
2024,0.6785144561174729
2025,5.572690000000228
2026,-0.03690341018969872
2027,-2.29513359391081
2028,2.1640119921317202
2029,-1.5247060689675451
2030,-1224.4975499999998
2031,-0.6906694398276642
2032,-5630.746159999985
2033,-14381.979949999954
2034,-28892.41899000009
2035,-0.9958536063659993
2036,-1.0633899076779603
2037,-357.2493299999988
2038,1.6353608246187525
2039,2.236739191986833
2040,1.9777273130119113
2041,3.1574604498317123
2042,0.6417765332981945
2043,-1.7448834886614437
2044,10.010407169500525
2045,0.011617640520052996
2046,-594.5838200000012
2047,0.6365664597967318
2048,-67.80612290396772
2049,-121.64588996050128
2050,-2268.4309499999968
2051,-2.582458191509559
2052,0.7967863046687675
2053,0.022871014951123935
2054,-3971.7759450000012
2055,1.1667107309954334
2056,-14336.847700000017
2057,2.353113034031474
2058,-23846.181540000038
2059,0.4902345739045052
2060,1.7676521582147924
2061,-0.4074443799157242
2062,2.426282147166956
2063,-84.50872999999976
2064,-0.2066674026223463
2065,-10811.898650000012
2066,0.5741056598088902
2067,-5439.347980000004
2068,-2.5236166402973175
2069,0.42331186636935436
2070,-0.3761317656266579
2071,-4959.338659999988
2072,-10200.642939999985
2073,-0.010208479986031607
2074,-1.2920684675323098
2075,-0.4634419595543977
2076,175.71552170997424
2077,-1.6036970656287455
2078,-1.771488713805431
2079,-2.2727522278872936
2080,0.9436158620840192
2081,0.2206485964639415
2082,-2.094113855014063
2083,0.04857408249423689
2084,-2.256945692790639
2085,0.7356998804622152
2086,0.942797487895091
2087,0.558873312521153
2088,0.8691310665562455
2089,0.00910543366107879
2090,56.1741400000002
2091,-10054.412119999983
2092,0.2273159229546654
2093,7.405351407837481
2094,0.3459771070754563
2095,0.20635336357879872
2096,2.7593115800381764
2097,-0.5371147673706776
2098,-0.6659114657920427
2099,2.9840406624585403
2100,4.636760696032573
2101,0.5402294709282478
2102,-7298.380120000021
2103,-6073.946810000001
2104,0.417787605290225
2105,-4463.256880000003
2106,347.1452699999991
2107,2.635557526556503
2108,0.6228743627466332
2109,-2.5232519733731693
2110,-11502.00944000002
2111,-11664.92693999997
2112,-0.6869662950661418
2113,0.33990905913770486
2114,-13545.717270000005
2115,-2.0211199776021482
2116,-2.986219843452846
2117,-0.46405026684631434
2118,-0.8739615524564367
2119,1.2925819933308555
2120,8.877585434317021
2121,1.377281222492653
2122,-0.8877932542746533
2123,3.6123534049059263
2124,-0.7352543561998895
2125,-12438.042764999986
2126,-469.90802000000076
2127,0.5995121192598548
2128,-10518.153899999978
2129,27.67103644054457
2130,1.4167496723803106
2131,0.0404802797848386
2132,1.0400871406086938
2133,-1.2296174451326969
2134,-0.669339324966377
2135,-0.07746689271769491
2136,-9705.137980000007
2137,-14395.98889
2138,0.16715134510853344
2139,1.2700507382170676
2140,-0.28374648915877054
2141,-2.5355032089966487
2142,-0.2523601362273473
2143,2.9826915564763565
2144,3.310782548877324
2145,-0.1237032852318323
2146,1.4369240728535528
2147,-6944.181319999986
2148,-5835.8173000000015
2149,-0.6186703007277154
2150,-680.846570000001
2151,-10240.098769999986
2152,-4033.3868300000045
2153,0.4581626315878653
2154,-30608.090659999976
2155,1.9440043508969411
2156,0.8784383763041562
2157,0.22167945611113
2158,-8636.897293333335
2159,-0.9958943840456095
2160,0.34331543582986757
2161,-0.5783573124464964
2162,2.592807138824661
2163,-0.5357527887649866
2164,0.4966889351958076
2165,-1.50592636975988
2166,0.8588947324086642
2167,-0.7230130336244618
2168,-17693.869059999928
2169,-0.5137348655756492
2170,-2.882865817644668
2171,2.1530183100025146
2172,-0.2594149163163139
2173,0.5895514701921584
2174,-11645.260109999988
2175,1.4029827194612106
2176,1.4404063395309776
2177,-1.395084626744375
2178,-4.022475415678498
2179,-1.5651823207983362
2180,-0.27986732841930967
2181,2.0837220616122507
2182,-11956.90600999998
2183,-1.0283222190845236
2184,-0.20538595504219703
2185,-2.33125026507296
2186,1.1208520426337008
2187,-4.8721558906674245
2188,4477.873739999994
2189,-1885.6090199999965
2190,2.1964984531453293
2191,-1.0774429250274724
2192,-8924.432643333344
2193,-0.8553930295004427
2194,-3342.3062160000027
2195,61.18331543267801
2196,-1.1762852183329282
2197,-4.278610068981197
2198,0.376522935702957
2199,3.545218799309382
2200,2.01345356997847
2201,-1590.0673899999979
2202,1.3760779032213195
2203,-8579.037991666646
2204,1.2677273587889695
2205,1.120759910291082
2206,0.4270658524181094
2207,0.5798675794366044
2208,2.1648357303490817
2209,-0.05369760909624482
2210,0.08478417146912795
2211,0.3742148040816182
2212,-1.7335575691591691
2213,-8897.738103333346
2214,-5.606733033751868
2215,1.0710452989237176
2216,-1.002105208504239
2217,5.00828208873601
2218,-9.449793014331867
2219,-4207.174890000003
2220,7.114068381000592
2221,6.040621362439211
2222,-0.2555466906003431
2223,1.1083729689755872
2224,0.13262414785503127
2225,0.7931218827171415
2226,2.0332562314483464
2227,-5309.828020000008
2228,1.6550600962711879
2229,0.030272730021942387
2230,-2.201576273472929
2231,-2730.107626666669
2232,0.3151438136132296
2233,-11922.99602000001
2234,-1.1814477197748727
2235,0.9498370583545325
2236,-26965.465930000126
2237,-0.1626792563140314
2238,2.398253974441328
2239,-0.9758806144566909
2240,0.9319918876392488
2241,-0.3466524814740091
2242,-634.5215999999986
2243,0.34227793386018435
2244,2.183936884125297
2245,-1.9638427883255025
2246,2.2647251799185595
2247,1199.7607116874988
2248,2.931625604184405
2249,-5412.996850000002
2250,2.7712800569213547
2251,1.6482470941777458
2252,2.726905483889271
2253,96.51554000000071
2254,-8292.730236666683
2255,0.45006734809732374
2256,1.593902954475981
2257,-17259.93427999998
2258,2.57766920657895
2259,-0.3364510608105455
2260,1.0726137719593238
2261,3.724116569629208
2262,-5249.298799999987
2263,1.8253406180730563
2264,-0.8824892090257216
2265,-0.33694262109071443
2266,0.07924287033549803
2267,4.829248541974629
2268,1.6158058482512316
2269,-0.7499860099486644
2270,1.1684691008021073
2271,-1.8989997889242498
2272,1.3573958187090105
2273,0.23085676652786805
2274,-35822.01063000002
2275,-1.4978240578217232
2276,-17499.40892
2277,1.1373400600362515
2278,-8711.304859999978
2279,-2014.6573199999907
2280,-0.47420348979880056
2281,-2.043724666685315
2282,-3602.562909999994
2283,1.2762986403281964
2284,-0.0440893569033507
2285,922.5463522093871
2286,0.42931030553206584
2287,-0.4228438465644649
2288,-0.18780017643233213
2289,0.6339184651677443
2290,-1278.1264100000033
2291,1658.8365699999972
2292,2.7797803282972535
2293,-0.5730853067728954
2294,-3.2052752091885663
2295,-4811.178579999991
2296,0.020092505464191106
2297,-1.3983856063584639
2298,-2.178503842579449
2299,-0.049154986816461736
2300,0.4724242464388932
2301,-204.38075015654402
2302,1.8073893234530418
2303,-129.61843679506543
2304,-13907.671609999978
2305,-1.520629192382197
2306,-3380.270569999995
2307,-0.2707335998423648
2308,-0.6562805227238435
2309,-0.03763673300270998
2310,0.6239833127211306
2311,-3063.264030000001
2312,-7040.174970000007
2313,-2.12759416343109
2314,-1.1686880822395807
2315,-25616.05652000009
2316,-2.6948619969700225
2317,0.01861318330717968
2318,0.8521001221487828
2319,605.4845499999998
2320,-1.9326558236115272
2321,2.76472624728195
2322,4.0470546185939655
2323,-1.582013221634547
2324,-0.5531937531915155
2325,-0.2869548600983449
2326,2.2958804429237203
2327,-4635.2989800000005
2328,-0.24074751487489113
2329,-0.06708023696993172
2330,1.5493267986385555
2331,0.8752321552393105
2332,-0.15729215377743294
2333,1.2364548736253522
2334,-2260.9661100000053
2335,-2.5011664602016497
2336,2061.1364199999944
2337,-20402.266099999997
2338,1.4703938822401754
2339,2.173180532805051
2340,1.5207913408657754
2341,-0.6248035093161994
2342,-3753.1858499999857
2343,-5099.179910000008
2344,-1.7695608793330917
2345,-0.8352803937623074
2346,-9360.407629999989
2347,0.4729412181441556
2348,1.3125629328621358
2349,301.15465361598825
2350,3.5671818670756967
2351,-1.4638857872275235
2352,-10032.13696999998
2353,-0.0404781057144959
2354,-1569.5158400000018
2355,-0.21283192843079138
2356,-1883.2759199999973
2357,-31531.179169999898
2358,-0.4982377348284361
2359,-8081.858719333277
2360,0.6070169758387196
2361,2.1629839271455316
2362,-0.87048018234753
2363,-18248.634979999973
2364,-0.5541018995067429
2365,-0.6696271220461277
2366,1.9720547439687446
2367,1.644816541495509
2368,1.193342199097704
2369,1.5595783853610612
2370,-1917.9384687316674
2371,-3915.253246000003
2372,-11826.231330000002
2373,1.2019113589186905
2374,-0.5673535440561873
2375,-8728.313521595246
2376,-1423.177700000003
2377,-0.9971224918303156
2378,-1729.149130000003
2379,-3.5486122483319007
2380,1.4553882882867766
2381,0.1002403454860887
2382,-2947.1863799999874
2383,-1.6649384750001106
2384,-1.1951910699407555
2385,0.3587885628584189
2386,-1.1841322626193675
2387,-1.703312985176795
2388,-1967.255749021675
2389,-2159.8752132551936
2390,-7622.854841666674
2391,-0.25721672833467785
2392,-0.03619947260974964
2393,-0.18614089637195064
2394,-1148.9407132468457
2395,-9314.157149999977
2396,-0.9089588881589363
2397,-1.1055129997380981
2398,-0.3589737771422474
2399,-1.0438399727109353
2400,-0.6285362571914093
2401,-20421.81320000008
2402,615.7042900000002
2403,1.3930590613373377
2404,-0.9877276237235779
2405,1.5830131165554036
2406,-0.5125481827962218
2407,0.4508042877537485
2408,-1.692785144030704
2409,-7154.562899999985
2410,-0.5430589510697089
2411,-4694.770890000013
2412,-4123.6384499999795
2413,-0.053443243958428074
2414,0.3993124076683073
2415,-5792.903997999998
2416,-4133.9053599999825
2417,-0.10251049006775152
2418,0.3575847418116649
2419,-1.0808455839198972
2420,-1.2624190347333357
2421,2.0947338193757314
2422,0.11740084556907118
2423,0.7955574328888363
2424,-4318.170540000012
2425,-0.20917284084766288
2426,4.44563828834589
2427,0.915148006518562
2428,-1.794754334944766
2429,2.5063182378786673
2430,-1.2670524471177131
2431,-0.2847424410002556
2432,-9303.958520000018
2433,-1.9537317375372982
2434,0.6811344120336982
2435,-3385.7656700000107
2436,-0.9061981037201386
2437,-7.841419046574048
2438,-674.5057400000024
2439,-1.3395402393097386
2440,-2.609601167434812
2441,-1995.7934200000052
2442,-14278.376829999956
2443,-0.6860266202666278
2444,-0.45248865067650296
2445,0.25370902903364206
2446,0.37429091055464087
2447,1.8833685706857113
2448,-2.917500004437884
2449,-0.17090858587228602
2450,-13.91846934757226
2451,-6076.548589999995
2452,-1.7550881307485506
2453,-0.33378630700665857
2454,0.3896704415169504
2455,0.08767103830106639
2456,-0.10559362742766205
2457,-2.6001788287985836
2458,-0.20974118169656447
2459,-0.74372320148885
2460,-0.4030883831612452
2461,0.08168390390845161
2462,-4586.94694033333
2463,-2370.8932700000005
2464,-1.3950157757729662
2465,-0.47612967455945143
2466,1.151511443843235
2467,-13243.292349999996
2468,-0.9218878575250248
2469,0.17158946344540105
2470,-757.074730000001
2471,-1.6652207017417116
2472,-5116.903489999996
2473,-0.8532541266525997
2474,-0.004902686878452149
2475,-0.49029715680916947
2476,-1.8482037328259464
2477,26.511140000000175
2478,0.18631533584962026
2479,-14878.668613333368
2480,1.0774792212192212
2481,-14578.135753333314
2482,0.5716202853426547
2483,5407.391809393537
2484,-3391.608569999996
2485,-0.060091106029053216
2486,5.530576090836502
2487,-2.795888600680359
2488,3.729108366201942
2489,-0.38445594967296237
2490,-0.0212447886128569
2491,-2.1958262450252577
2492,-1.1601017358395447
2493,-4358.766499999998
2494,-0.6258941818745237
2495,-3334.440349999995
2496,0.7687780947674677
2497,-35832.56181000004
2498,-34941.944244018094
2499,0.07466818397077057
2500,-5743.943929999998
2501,1.2616051278330045
2502,4.707744143494219
2503,-1.2797352434639488
2504,-14921.700869333366
2505,-13705.694599999995
2506,-0.9969813621840737
2507,0.32372110261085935
2508,-7217.157639999983
2509,-9860.489300000001
2510,1.7321635289228847
2511,-2813.4169100000076
2512,-2.0366247165861533
2513,-6201.779769999999
2514,-5067.751909999998
2515,-1651.1942999999983
2516,1.3297286279995797
2517,-0.6990909523865998
2518,0.10367058073755504
2519,1.5891000335942642
2520,-1.4427382624006841
2521,-3866.162273333326
2522,-0.4509828281478072
2523,-3.3575705162516716
2524,-0.8639641807950103
2525,-2.0248806317014094
2526,-0.5158619274393138
2527,-0.41851646151037925
2528,-0.8742448913327476
2529,604.8012399999994
2530,1.2211906049158725
2531,-0.17793396235534753
2532,1.1840933673835927
2533,1.8550595112281878
2534,0.5532762428259888
2535,1.250458616088748
2536,0.7219495958153778
2537,-2263.0617599999987
2538,1091.9482399999997
2539,4.026908669596928
2540,52.453879999999934
2541,-23348.834466205306
2542,-1635.7714299999996
2543,1.619187450426005
2544,-0.12353337965377971
2545,-12305.952029999962
2546,-3716.642339999991
2547,4.679644301178033
2548,-0.7814332054706067
2549,-4316.454739999997
2550,-6383.763236666654
2551,-0.5970892661162587
2552,-1.6456850984809763
2553,0.4785957496393281
2554,0.6493876435705325
2555,2.36828765645812
2556,-15265.237340000005
2557,-1.2155335901335196e-4
2558,0.7972033169936265
2559,-4745.53057999999
2560,-0.30801308596154603
2561,-9658.26305
2562,-12942.300530000004
2563,-2.4050004258232396
2564,-6609.330036666626
2565,-0.46702206659537177
2566,-14120.520399999981
2567,7.1210441407829395
2568,-10175.955959999996
2569,-35.97826035765368
2570,1.968981707139979
2571,0.6607751642436113
2572,-1.7053053481947484
2573,2.974670097820792
2574,2.4826002484187644
2575,-8092.64709666662
2576,13.82439608568332
2577,-1.2125006690872753
2578,-779.247325714282
2579,-0.6251037065910026
2580,-0.9983177883685889
2581,2.5424659198701383
2582,-17621.16186000002
2583,0.7157634019130305
2584,112.4284199999999
2585,-5122.546306666672
2586,3.454510077959477
2587,0.5596194349739164
2588,-930.5493199999962
2589,-0.021606663413406564
2590,-0.8423081895960941
2591,2.2302575633309125
2592,-0.8338084976065409
2593,1.5395058112748048
2594,-1.0178757779203846
2595,-4178.634400000012
2596,0.5670983608681007
2597,2.620323485202621
2598,983.6725300000063
2599,-1.870453571072279
2600,-10453.873529999964
2601,1.7712615812807075
2602,-1.8063831926491802
2603,1.6790047718888397
2604,-0.6359906500684104
2605,-2373.565909999993
2606,-0.10433219960163259
2607,-4.925776001385923
2608,-9944.245629999985
2609,0.5628360501361578
2610,-1094.2936800000014
2611,-2.7280343243341707
2612,757.8356299999999
2613,-14878.787809999954
2614,-2.030424666186958
2615,3.344559793891814
2616,-2.2892434358869034
2617,-15961.042010000043
2618,-0.004197638284770024
2619,-18121.381809999973
2620,-0.7513716920543674
2621,-822.408556666666
2622,-3391.44317000001
2623,-0.12861130874763324
2624,-2.7992479472022063
2625,-1.8844436932763564
2626,-11853.901439999992
2627,-5.222580683198739
2628,-28222.56148999993
2629,0.7071772400913124
2630,1.9035831086141368
2631,0.8113127448199325
2632,-2.1314070252040107
2633,-0.8018717938589657
2634,-0.03207896207180848
2635,1.5592498182150258
2636,1.5694628263551296
2637,-3.6706525237344305
2638,-3674.2651849999934
2639,-20390.263960000037
2640,-469.8121533333335
2641,-7424.076340000018
2642,-2.771403215247363
2643,-25632.013440000035
2644,-0.6751508085058172
2645,-2.5645442884343232
2646,-5988.512030000004
2647,-1165.1272500000036
2648,0.7301084992776476
2649,3.1759200148180664
2650,-0.5462145926812144
2651,-0.10461070441302504
2652,0.130016916947375
2653,-938.9617700000003
2654,0.9647110830305422
2655,0.4893025544022788
2656,-1.8294544224416653
2657,1.032509129977529
2658,-20425.45532000004
2659,-36957.40965199625
2660,-2.911434452842095
2661,2.22392845129979
2662,0.417259618499629
2663,0.14281194103271935
2664,0.28315059520062075
2665,-10840.998659999985
2666,-2236.265639999996
2667,-1.0018652542777073
2668,-3.7175781432639248
2669,-0.4545254053573241
2670,-3442.0090299999915
2671,-0.9009475594306688
2672,-8289.071118888893
2673,1.1113340926388267
2674,-895.4975600000015
2675,-5284.083339999999
2676,1.1501692180297018
2677,0.09675954403494819
2678,-2221.295359999997
2679,-5084.311459999998
2680,-20567.66181999998
2681,-3.434523968967971
2682,0.837980695457988
2683,2.6490273304389924
2684,-2.317916821186064
2685,-0.07844959201278005
2686,-4.295562051112122
2687,-0.4007684256814105
2688,0.0089537697065743
2689,-401.5258866666653
2690,-1.6768701200831004
2691,-1.4174560961111395
2692,2.5326437807065427
2693,0.6925296911592854
2694,-1128.0768800000003
2695,417.6649799999994
2696,-1.556643876074692
2697,1.5213945830724325
2698,-4821.948340000008
2699,-2.130834309655384
2700,2.4559049225973486
2701,-1.4455215770081553
2702,-1047.320083246846
2703,0.3214473647147528
2704,28.86104446418381
2705,-5.908348592542312
2706,-1.5576724987217216
2707,-233.52114335905333
2708,1288.0796399999983
2709,3.72976790244862
2710,-0.10509489713573363
2711,1.4391288493482821
2712,0.7243392803622339
2713,-2.8966033611362794
2714,-5713.479349999984
2715,-3721.5877200000036
2716,-7391.219839999991
2717,-3.4361324585919735
2718,-0.3477362152325399
2719,-4131.476125333338
2720,2.5964825474271094
2721,-0.7854710054908707
2722,-1.19277663287486
2723,3.5276777608740213
2724,0.5175274615008404
2725,-0.4841116027992516
2726,-12056.40436999998
2727,-2.1470495875171625
2728,2.3750905225608894
2729,-3.442772860789226
2730,-4902.101049999994
2731,0.7161602280225032
2732,-22894.175610000042
2733,1396.4759418695244
2734,-5409.588710000007
2735,0.5948922070341021
2736,-1.2889630403448689
2737,-2.876590165194912
2738,-2.4974347880473675
2739,0.2790060499346196
2740,-1.4447856887008668
2741,-0.04411376650409997
2742,-1.774240787868314
2743,-8196.703836000012
2744,-2.833055145104688
2745,0.8207665432721623
2746,-2.358296632387702
2747,-1.8417499520491771
2748,1.857217955229705
2749,-8713.63393000001
2750,1.0252041838220851
2751,0.6385009294817428
2752,-702.7084000000001
2753,-0.14314271577549065
2754,-13125.397059999994
2755,1.2725356858781447
2756,-2399.8433700000014
2757,-4.590531251919009
2758,-0.8423307983027408
2759,-0.21434788546415562
2760,0.702306467433231
2761,-58.19346000000012
2762,0.6167955372406473
2763,-7038.617680000018
2764,585.9493799999996
2765,2.7952832788478594
2766,-7370.382880000006
2767,-8228.27967999999
2768,-1419.550590000003
2769,-1.4262125287435945
2770,0.6124919654356574
2771,0.3386562415933899
2772,0.3688206107876764
2773,-23731.966140000008
2774,0.2581943723886788
2775,-17127.11388000003
2776,-8995.31193
2777,0.04722438317973196
2778,-2237.11868
2779,-0.5853921415562573
2780,1.068083060303436
2781,3.232014072932551
2782,3.2564430004093015
2783,1.9133614925693667
2784,1.4915860167872754
2785,1.8823719855804915
2786,1.0603948154204514
2787,-6937.694300000002
2788,1.2193346440287833
2789,0.7590598090739498
2790,-132.79659359181395
2791,-33905.5891571133
2792,-0.8866002823128872
2793,-6618.238588168108
2794,3171.371127740713
2795,0.2601752491350822
2796,-1.2144766752304825
2797,-1.1448602333980011
2798,-2.345784957624051
2799,-8824.210340000014
2800,-1.2014194246891179
2801,-2.2886242001585777
2802,0.10748015295485183
2803,-3644.8675468571296
2804,-1.1873909357784451
2805,-0.28169646368331613
2806,2.2858525899713182
2807,-8608.683156666644
2808,5.0779647170177125
2809,-53.419449999999664
2810,-0.5558845794178037
2811,-17275.53901000001
2812,5295.019490153981
2813,-1.501767910037559
2814,-4.045869835885168
2815,-0.48974123700181954
2816,-1047.0410300000003
2817,-18274.00265000006
2818,0.6469884019237587
2819,0.6740054293187278
2820,932.4924500000018
2821,-1.6144350479965217
2822,-8007.91201000001
2823,-30986.278869999984
2824,0.39692071280260993
2825,0.9064567279323666
2826,1.2633052270499283
2827,0.8087535554008976
2828,-2415.75476
2829,1.5827780523361337
2830,-0.3702389975580216
2831,1.6794966077308027
2832,1.377229375096777
2833,-2332.367430000005
2834,-0.21165459399142847
2835,-8899.638860000012
2836,-0.4693504708077722
2837,41.16739126352813
2838,-1.997347990463503
2839,0.20775288994666638
2840,-936.8064781491832
2841,-6114.14654666666
2842,-1.266075878928501
2843,-3.8314923416915674
2844,2.4019914460039202
2845,0.7774184558516908
2846,-0.8171776427256796
2847,-1107.285560000002
2848,-3.2586363523169655
2849,-1.2116826166299384
2850,1782.9157205249078
2851,-0.9768307747789323
2852,2.3664380302914685
2853,2.0998865064075116
2854,0.8601095535094977
2855,1.2884539912145843
2856,1.2437193802421527
2857,0.18989103365013693
2858,-191.72908999999984
2859,1.749943462547398
2860,-2744.2312600000055
2861,-0.8298596008382952
2862,3.8214314138011014
2863,1079.7221400000017
2864,-0.16180764884585938
2865,265.45116115531243
2866,-0.5098100180228836
2867,-0.5265483437293833
2868,-1.314271259509473
2869,0.027439910072715543
2870,-0.8411284445263404
2871,-6629.2865210000145
2872,0.3771124674282681
2873,-17712.305210000042
2874,-28834.074146666662
2875,-15458.512453333346
2876,-22523.985700000034
2877,0.9288277602818195
2878,0.3675963155713357
2879,-213.8921800000003
2880,0.24079717034646764
2881,-0.3681505993562723
2882,-125.7008385795538
2883,-3.4796677404220575
2884,-11703.740910000062
2885,0.9727581961901566
2886,-2.0524672315786217
2887,-9416.569889999992
2888,-0.7327108797800753
2889,-107.85276999999968
2890,-3512.961870000006
2891,3157.2441076936075
2892,-2.0064007073044987
2893,2.4831462374778726
2894,2.717377256563829
2895,1.0264867188252786
2896,-11547.19361999999
2897,1.4595396595004158
2898,-36918.77742
2899,471.15437999999955
2900,1.0529780341880755
2901,-2.518096225840225
2902,-0.8309513113939959
2903,-2.250405026611416
2904,2.349529570279493
2905,-20851.179410000044
2906,2.4089248724245795
2907,-0.9093380167632806
2908,-17079.108044999964
2909,-1.020344184860631
2910,-8252.241750000003
2911,-8.02554427254648
2912,-6.690525801715984
2913,-0.15914212122839416
2914,-5272.812496666669
2915,-1.9895629095637983
2916,1.38814674256545
2917,-1.4974042719802039
2918,713.4273000000011
2919,-23970.699940000035
2920,-10222.936680000012
2921,-0.8166609843613508
2922,-2.9298375986092067
2923,1.978102869918938
2924,-2.1853332827784153
2925,-2.476289055803284
2926,-1.7527210558826105
2927,-14404.05431333334
2928,-20736.26034000007
2929,1.7397283803159842
2930,-5290.17963999999
2931,3.403545425573366
2932,2.178020848190358
2933,-347.63595999999984
2934,0.655315183931765
2935,-4087.668914999992
2936,-3077.7698500000074
2937,0.9096296162643822
2938,-0.06830243208656608
2939,-670.98352
2940,3.0459480618873407
2941,0.9321959887910439
2942,-4114.243733190469
2943,0.3303743179027322
2944,-2174.1106000000023
2945,-223.27219000000082
2946,-1601.1145699999997
2947,0.6425597428418544
2948,-0.7011221830470595
2949,-0.4731438524651644
2950,-1.5488433265455959
2951,-1.4120533959231094
2952,-2878.5366500000005
2953,-0.3269644342530425
2954,-1.0764213618770164
2955,-20243.575612142835
2956,-0.7187865409350813
2957,-1.9219388602050658
2958,1.3919128922275448
2959,-1748.3462500000014
2960,-8525.34347999998
2961,-628.5520799999989
2962,-0.5158688383772693
2963,0.16852656674072036
2964,0.08330181453664298
2965,1.0976497904829228
2966,-2.0106406360911313
2967,3.784100618511897
2968,-0.5900898694444405
2969,2.244035761025246
2970,4106.0935420027035
2971,-2.5707257288273504
2972,0.03852744348498101
2973,-5934.279540000008
2974,404.0993833333327
2975,-8040.67544833332
2976,-0.8407123158928196
2977,-0.4656551511005023
2978,2.282453897166965
2979,0.3985235984237155
2980,0.2849290100851218
2981,-1.4703729192016146
2982,1.1342710890937724
2983,2.3261566894447334
2984,0.027989123804104135
2985,2.123390441287024
2986,-0.12921082224113423
2987,3.172604019518782
2988,-0.4202632397509761
2989,2.793542850644697
2990,-6754.697320000003
2991,0.6907770170153992
2992,-2.0149831960757134
2993,-10835.846400000019
2994,-1.1594271001894454
2995,2.5671060361822464
2996,0.013730756860687648
2997,2786.2305828375843
2998,-8289.87413000002
2999,20.736640322968743
3000,1.5471319878834309
3001,-1.1351833815540524
3002,-2.2123492354914176
3003,1.137871902359189
3004,-0.45421206605271947
3005,0.3163576331857061
3006,0.10042334732022985
3007,0.0016521740006085963
3008,1.2462290363953052
3009,0.5642110177585811
3010,-1.2055942200524037
3011,0.7243791794300826
3012,-3.358922998446558
3013,-0.04506782096074351
3014,-2.263929605392321
3015,-0.6959650363590348
3016,-2781.25138333333
3017,0.4609729096580624
3018,0.7001854855287352
3019,-1.0414965248327128
3020,1.365064100117941
3021,-3.2533634061188637
3022,22.774149999999814
3023,-0.08290004825997759
3024,-0.008295819799457416
3025,2.2252877988483797
3026,0.8668384615186259
3027,-3239.521259999994
3028,2.052012319355462
3029,1.28450276085621
3030,2.2997073047825958
3031,-1.144660100656209
3032,-2.839527564021105
3033,-10.715624079460085
3034,-3257.8817599999857
3035,-7358.366399999981
3036,4.369303113499286
3037,-14429.688859999918
3038,-0.7211260271272729
3039,-1.9490161109029445
3040,-19162.61766000002
3041,-0.4368513892711942
3042,0.703606137715559
3043,-3959.6357300000027
3044,1.3620979764135148
3045,-0.7922402852716638
3046,-6626.607700000002
3047,-802.563790000002
3048,-4.497412769594871
3049,-0.13139285531396327
3050,18.93238026650408
3051,-7146.8076866666725
3052,2.2489940646055793
3053,-2.514073892969841
3054,0.3581693312339196
3055,-7699.947710000005
3056,-6857.876809999988
3057,-2.3408563482481775
3058,-0.16796861115612807
3059,-26833.13754000002
3060,-7972.243316666656
3061,-914.4168900000043
3062,1.5778517097398619
3063,-5497.961539999988
3064,52.730752327575644
3065,-0.6321871758326627
3066,0.6840295616415704
3067,1.2293197692673965
3068,-2732.12759
3069,-0.9278841349524558
3070,0.40221523735951425
3071,0.44150493038451877
3072,0.5057520413873217
3073,-7305.339949999989
3074,-2.0108202527494856
3075,2.0741936255772573
3076,0.4948153115361099
3077,-3.228951810948314
3078,-19080.989990000002
3079,0.9715914300634587
3080,-7.592461774207705
3081,3.2476437326209027
3082,-9969.800466999986
3083,0.8271307525617309
3084,538.5543999999992
3085,0.11166533727635997
3086,0.16676750418220443
3087,-1.7722591454487497
3088,1.1268125675238854
3089,-9386.706189999977
3090,-3.420428321760339
3091,-0.8481910893607157
3092,-1.2875055667875037
3093,1.1365840549296216
3094,-8584.105560000024
3095,2.3581563845205746
3096,-5386.709599999996
3097,2.09830341532352
3098,-876.1662999999982
3099,-72.79082000000038
3100,0.6784103527802428
3101,-10016.240669999996
3102,-11604.044540000015
3103,-3.1486354465915016
3104,-0.2357321116375921
3105,-2.1237759907492517
3106,-10594.346990000005
3107,-0.14564144619213767
3108,-0.8279171333390368
3109,-3065.4745100000086
3110,-15.345362499885743
3111,-10522.661790000026
3112,-0.5794336739171261
3113,-2.065891773131428
3114,1.6896543568931857
3115,-1.156972017505186
3116,-3.00130441537334
3117,4.543417594588682
3118,1367.4466599999996
3119,-0.17631237197820893
3120,-3.040791113980045
3121,0.9404625015700817
3122,0.5870135213949705
3123,-7193.418360000005
3124,-3.1474592367453873
3125,-17189.082459999983
3126,0.8267292407167284
3127,-4558.10603000001
3128,-13849.520089999976
3129,-35589.216330000076
3130,-1454.9350300000024
3131,0.6808548698126844
3132,0.6794413133527066
3133,-5933.255300000004
3134,2.451309029650324
3135,0.8341222827376288
3136,-0.7400251838949028
3137,-5252.3606907071
3138,-1.2771663138883975
3139,-0.12659246353295414
3140,0.16584903615100946
3141,-1.6758470055188466
3142,-9323.918310000026
3143,1.4391166096323817
3144,-2.303217775336922
3145,-1.9045397415835301
3146,-248.4258236124123
3147,0.5101403482220305
3148,0.333182598311518
3149,-11905.105950000012
3150,-16442.99575200006
3151,-2.312560481087989
3152,3.1744445616817702
3153,-131.47845142857147
3154,-0.7979420058363135
3155,-0.38719745498224334
3156,-2184.818879999996
3157,-13822.39720999998
3158,0.5453722637058125
3159,-0.09108257496169746
3160,-1895.4620379999913
3161,0.8493432110048308
3162,-1.814357473173842
3163,0.7951502049602186
3164,-0.8665818992333486
3165,3.2447189996966803
3166,-0.41451367141446865
3167,-1094.6699200000016
3168,2.5670813803565045
3169,0.6845428839401287
3170,0.23636669132694224
3171,-2.1584951617993564
3172,-29738.959802351405
3173,-3426.3934866666636
3174,-4092.5723800000064
3175,-2.1783186235085323
3176,-20066.860112142847
3177,1.2216925063511948
3178,-0.14855152121710866
3179,-0.18449181338550916
3180,0.11514470140841623
3181,-3160.8001100000142
3182,1.4836244619846535
3183,-712.3669099999983
3184,-1.5082124547515756
3185,-0.021613312360895563
3186,-4370.098839999997
3187,-1.7321369920461818
3188,-1.2161934650314865
3189,2.220892271071707
3190,-1.8232195033218999
3191,-4419.949399999981
3192,-2130.439970000005
3193,-615.5215499999999
3194,-2.4427079107544394
3195,1.5605076045748734
3196,-0.9866549065771771
3197,-0.6984999876184006
3198,0.5502265617926153
3199,-0.7597495285973483
3200,0.60953854843901345
3201,-1.7008093727479194
3202,0.6277119116826068
3203,-6172.312260000009
3204,-15323.613243333315
3205,-6969.848039999986
3206,-2.79705808640294
3207,-8105.143939333287
3208,-18752.02046999998
3209,-18704.99398714284
3210,-2.0545496554339038
3211,0.16196140948216703
3212,-1.170492949607368
3213,0.06991041022276942
3214,-17137.07034000002
3215,-23340.65583999997
3216,-17865.846779999985
3217,-12348.604740000024
3218,-9757.070550000004
3219,-12612.12744
3220,-30035.716286666644
3221,-12579.61466000006
3222,-21888.662870000033
3223,-16928.49249999998
3224,-7225.406069999998
3225,-27746.22947
3226,-6452.085159999993
3227,-1589.5493259999967
3228,-10843.956879999989
3229,-8187.571089999991
3230,-9132.938529999989
3231,-12260.207400000008
3232,-10171.809759999996
3233,-24366.45037000008
3234,-2442.3320600000006
3235,-1315.619659999998
3236,-4085.5924199999954
3237,-6426.064734999991
3238,2709.5390100000036
3239,-2135.3897999999963
3240,-7446.759110000026
3241,-13095.082843333319
3242,-27411.886610000034
3243,-6960.7782000000125
3244,-18730.703360000018
3245,697.6096400000006
3246,-6129.563950000004
3247,-8097.973029999989
3248,-7142.862280000008
3249,-19018.384059999997
3250,505.8614743799065
3251,-9017.582760000018
3252,2849.0534296750925
3253,-7636.7117299999945
3254,-1741.7056899999995
3255,-1559.6211699999978
3256,-2457.251089999992
3257,-17270.28731999997
3258,-4083.2306033333293
3259,-21155.166339999996
3260,-12614.654189999963
3261,-8381.94801
3262,-21810.96588000006
3263,-16589.08544000005
3264,-5008.510232551205
3265,-6510.259158333315
3266,-22430.55636999997
3267,-8092.229253333326
3268,-13333.019260000005
3269,-20350.725220000022
3270,-12510.404570000024
3271,-9095.191840000012
3272,-177.50951817178918
3273,-1925.5747785714336
3274,-1045.4332306002425
3275,-16761.755850000027
3276,-3662.354440000006
3277,-7996.082220000004
3278,-21119.481340000042
3279,-1053.0097753559496
3280,-4311.951073333344
3281,-9969.446509999956
3282,-21402.414210000006
3283,-4344.394482000001
3284,-7331.937936666668
3285,1979.4731827368719
3286,-3421.2731500000195
3287,-801.7007999999998
3288,-6212.316649999997
3289,-6248.5186566666835
3290,-30176.68147000005
3291,-906.3782800000007
3292,-6779.861650000005
3293,-12779.164560000047
3294,-25952.068299999944
3295,-4833.003375142851
3296,-6632.082199999995
3297,-16813.22762000005
3298,-13454.18450000004
3299,1067.2956568117004
3300,-805.1376599999995
3301,-17827.912619999963
3302,-1437.1203300000006
3303,-9381.652760000023
3304,-7058.96799
3305,-10017.435840000007
3306,-4264.358869999981
3307,-3124.0458299999914
3308,-28588.083510000084
3309,-14028.209120000016
3310,-1872.079129999995
3311,-5891.7799
3312,-8756.792019999999
3313,-15229.792500000025
3314,-7617.405354999992
3315,-3876.272569999992
3316,40.4199299999997
3317,-7217.380369999987
3318,-10442.82115999998
3319,-5228.365910000003
3320,-4660.865389999997
3321,-4876.1915000000045
3322,-2942.8115399999997
3323,-13275.210390000031
3324,-12452.432883333322
3325,-9785.971060000007
3326,-6662.78681
3327,-17688.214890000014
3328,1761.0889299999947
3329,-4094.5240900000085
3330,-29334.111500000014
3331,-28859.021940000006
3332,-18384.513149999962
3333,-7723.1617800000095
3334,-7921.49941000002
3335,-2632.770510000004
3336,-8140.758696666658
3337,-8096.288970000006
3338,-13491.406960000002
3339,-27896.12071333326
3340,-27341.27638900006
3341,-14051.47725999996
3342,-7959.31301
3343,-185.74759000000063
3344,-4978.824293333343
3345,-518.7401573905165
3346,-20850.538113333336
3347,-13761.458839999976
3348,-6142.133819999989
3349,-21985.36948000005
3350,-3931.9269600000043
3351,-10684.608699999984
3352,-5781.810719999999
3353,-8134.35807500001
3354,-34058.16284999997
3355,-1906.6096399999979
3356,-2622.3157299999984
3357,-2580.9358700000016
3358,-9421.586130000009
3359,-29670.497890000013
3360,-1521.5735500000021
3361,-29803.693916666758
3362,-10239.731279999989
3363,-890.3108000000018
3364,-14050.693640000029
3365,-8742.288089999993
3366,-8802.442060000003
3367,-17752.278630000033
3368,-5191.8286999999955
3369,-592.9585000000005
3370,-1459.7237099999988
3371,-3460.5323900000053
3372,-16148.612843333329
3373,-1591.5693299999984
3374,-13780.614479999958
3375,-2241.067490000001
3376,-8416.564879999996
3377,-19078.130300000015
3378,-12000.264919999989
3379,-21593.498689999942
3380,-5406.432760000002
3381,-1516.0383300000015
3382,-3537.5854366666745
3383,3698.373794077817
3384,-19446.474560000006
3385,-21331.887000000013
3386,-11050.672880000027
3387,-7932.98398999997
3388,-21064.989770000022
3389,-19590.933769999996
3390,-6269.147250000018
3391,-34012.21200000004
3392,-12141.373959999954
3393,-4183.505549999996
3394,-1826.816819999997
3395,-7137.435733333328
3396,-13599.268060000028
3397,-7520.577899999998
3398,-1590.678599999999
3399,-26978.32261999998
3400,-20533.085700000047
3401,-18418.354969999993
3402,-8939.722210000013
3403,-17717.623430000014
3404,-4099.878759999997
3405,1572.4536599999947
3406,-14709.243119999985
3407,2674.4188323258372
3408,3397.0236600000007
3409,-5923.970490000005
3410,-12707.73233666672
3411,-6573.241246666673
3412,-12658.126380000023
3413,-3440.2210266666584
3414,-15068.055140000015
3415,-325.5769049804191
3416,-4532.2830200000035
3417,-13287.96230000001
3418,-24007.498170000043
3419,-8780.93654999997
3420,-5141.520160000004
3421,-9139.916660000023
3422,-17159.14756000004
3423,-20593.879069999977
3424,-13704.367680000005
3425,-5205.427130000005
3426,-18131.413650000002
3427,802.3979699999998
3428,-2455.902246666668
3429,-1824.5221599999934
3430,-16139.042634999982
3431,-9368.85255999998
3432,-19321.537750000014
3433,-23877.27204000005
3434,-1281.8899700000015
3435,-12170.876530000038
3436,220.05885000000023
3437,-8531.853779999972
3438,-21663.551069999943
3439,-5041.061988000007
3440,-23844.08787999995
3441,-2891.8291500000005
3442,-8447.019400000016
3443,-1558.1802300000002
3444,-15418.960469999985
3445,-9514.476170000024
3446,-4849.802060000012
3447,-6243.50663000002
3448,-5607.049169999992
3449,-4334.651390000023
3450,-22661.332950000015
3451,-21740.300809999993
3452,-10354.76475
3453,-7968.285589999995
3454,-1349.7947099999988
3455,-1601.1682999999991
3456,-27545.663258000062
3457,-11972.706000000013
3458,-5008.987049999996
3459,-20394.400750000008
3460,-2723.789839999996
3461,-20204.13038000001
3462,-11728.36147999998
3463,-21371.889149999985
3464,77.6153887176315
3465,-11537.642280000018
3466,-7544.182629999982
3467,-5602.053029999989
3468,-3256.492280000005
3469,-11457.237730000037
3470,-8033.186229999969
3471,-1256.0554799999998
3472,-6492.20040888889
3473,-1128.4735283194204
3474,-30295.917160000055
3475,-2957.984810000005
3476,-7263.646230000008
3477,-91.15050999999987
3478,-3931.2701100000118
3479,-8334.11062800002
3480,1465.4821299999944
3481,-15343.497040000006
3482,-4714.392179999996
3483,-16837.71630999995
3484,-9025.909029999999
3485,-4944.457839999999
3486,-5871.714620000006
3487,-4423.603057000014
3488,-36988.21632000007
3489,-2418.7991300000026
3490,-6737.405899999999
3491,-13681.680593333327
3492,-13896.50857999995
3493,-11716.240510000023
3494,-17880.733100000016
3495,-13765.525889999959
3496,-6703.385929999998
3497,-7353.7351400000125
3498,-9924.644740000005
3499,-5013.289950000002
3500,-3870.1203766666645
3501,-14484.359470000014
3502,-3168.2091999999993
3503,-957.2966500000008
3504,-271.0817700000002
3505,-5940.895600000006
3506,-13384.621530000033
3507,-6560.200227142841
3508,-8822.640299999992
3509,-6896.288879999994
3510,-8496.696599999985
3511,-9565.046670000003
3512,-6753.338521666679
3513,-6241.918946666693
3514,-9705.579330000006
3515,-2451.3866999999977
3516,-4632.540739999991
3517,-13780.99953999998
3518,-8965.871040000007
3519,-28824.866779999942
3520,-6459.253290000011
3521,-3452.213283333347
3522,-10785.540145000006
3523,-16097.900186666726
3524,-6574.903999999989
3525,-10119.479019999995
3526,-20207.173130000036
3527,-29804.929893333367
3528,-10174.640799999996
3529,-22420.864950000032
3530,-13913.171238000006
3531,-14463.488170000015
3532,-26469.20982800007
3533,-3446.575009999984
3534,-13926.797429999977
3535,-4362.286930000014
3536,-5612.084619999989
3537,-28792.609859999942
3538,-3591.4988999999914
3539,-24437.767400000117
3540,-5539.056219999996
3541,-8127.0678000000125
3542,-21104.48695666666
3543,-9916.012966666665
3544,-5479.602849999969
3545,-8604.554180000023
3546,-7645.450330000003
3547,-10477.971040000019
3548,-10838.895379999987
3549,-818.2408400000003
3550,119.93050000000044
3551,-6179.224919999988
3552,-555.196689999999
3553,-5473.1587799999825
3554,-1963.928659999997
3555,-5608.737449999989
3556,-4334.347099999996
3557,-7209.074570000017
3558,-4769.1865499999985
3559,-6904.395666666654
3560,-29457.10966666672
3561,-13933.67634666664
3562,-30911.246490000078
3563,-19355.42417999997
3564,-27594.742071000008
3565,-5562.709050000002
3566,-3750.0900500000025
3567,-6429.14781000001
3568,-28035.663276666626
3569,-4440.968571666673
3570,-20613.508559999987
3571,5726.485157852339
3572,-11925.045690000004
3573,-18973.934420000005
3574,-5264.0483900000045
3575,-14813.554643333337
3576,-12567.380680000006
3577,-6673.210705000016
3578,-8013.688219999997
3579,-11457.74781000001
3580,-3101.62598285715
3581,-8764.713180000008
3582,211.8378492040592
3583,-8636.704140000009
3584,-23940.46752000008
3585,-13378.32845
3586,-23493.73616000011
3587,-17763.43894999998
3588,-28336.08754666661
3589,-9195.867460000014
3590,-12071.119710000008
3591,-5809.506020000001
3592,-5493.948039999989
3593,-1473.109566666664
3594,-11347.655349999997
3595,2244.023209999998
3596,-7211.103226666678
3597,488.3152749951626
3598,-4539.628600000004
3599,-13382.868620000034
3600,-21091.319919999994
3601,-8223.732599999972
3602,-22732.483520000013
3603,-3488.7800099999968
3604,-17739.900209999963
3605,-11409.402269999984
3606,-8962.339386666677
3607,-1550.678717311318
3608,-309.2076899999994
3609,-13759.998926666673
3610,-13978.578839999976
3611,-6513.748390000014
3612,-4829.644379999997
3613,-15462.352739999998
3614,-3809.2387200000035
3615,-798.7230900000006
3616,-33811.53720999997
3617,1515.9983599999935
3618,412.117153000001
3619,-5826.670220000001
3620,-22551.412040000017
3621,-6324.697480000011
3622,-9838.166970000006
3623,-3062.514109999992
3624,-19771.548149999984
3625,-1043.336530000001
3626,-8909.417604999999
3627,-7793.056949999998
3628,-3333.199689999994
3629,-20614.55136999999
3630,-5369.832219999982
3631,-7798.9031500000165
3632,-5451.760524166677
3633,-16391.397670000057
3634,-13718.403429999964
3635,-13536.17772000005
3636,-6795.98708000001
3637,-18446.20166000001
3638,-13915.18252999998
3639,-29348.176796666725
3640,-890.744234442505
3641,-4930.089879999998
3642,-8624.730000000005
3643,-9274.059700000013
3644,-3788.7801799999997
3645,-11676.585049999992
3646,-2996.883950000001
3647,-2456.1325100000013
3648,-10103.391009999998
3649,-15135.689649999997
3650,-3841.9596699999965
3651,-10200.16230999997
3652,-15419.687239999981
3653,-4084.806237999995
3654,-5000.7545579999905
3655,-22771.279960000003
3656,-13783.649936666676
3657,-309.2109700000001
3658,-20509.39226999999
3659,-19277.00297000001
3660,-7890.270049999977
3661,-2484.482099999995
3662,-17884.089199999988
3663,1797.795226305797
3664,-13128.35218999999
3665,-14284.28642000002
3666,-5123.199540000013
3667,2660.748227389155
3668,-16926.578180000015
3669,-1852.1646099999948
3670,-2730.254080000004
3671,-2156.5433099999964
3672,-7935.289100000002
3673,-7517.040409999993
3674,-16693.07986999999
3675,-13161.681639999968
3676,-486.97496513513204
3677,-14070.212569999983
3678,-3338.039019999995
3679,-11876.988769999974
3680,-17838.852659999997
3681,-18746.53531000002
3682,-20151.611690000027
3683,-25791.158049999947
3684,-7990.428849999961
3685,-4505.746409999999
3686,-10852.444330000026
3687,-10036.376940000011
3688,-10834.826329999978
3689,-11842.828680000046
3690,-12926.56941999998
3691,-18096.852229999982
3692,-23632.639639999954
3693,-6623.434180000008
3694,-13706.532059999958
3695,-37286.53870000024
3696,-27248.524769999996
3697,-8649.192970000016
3698,-2008.14192
3699,-2316.934320000002
3700,-13827.618340000021
3701,-6399.2296666666625
3702,-6964.148743333356
3703,-17484.45362000002
3704,-6198.67663000001
3705,-12569.384589999969
3706,-13393.856109999957
3707,2512.7116118430613
3708,-4888.672849999995
3709,-12851.184504999983
3710,1554.4494899999984
3711,-24303.257380000025
3712,-7536.275350000001
3713,-17980.653550000032
3714,-22161.890239999968
3715,-19593.09259999997
3716,-3374.3335900000006
3717,-15348.796680000003
3718,-7629.117333333327
3719,-13772.182969999949
3720,-5744.057739999984
3721,-7995.754919999998
3722,-9427.362239999973
3723,-7252.946430000009
3724,-7145.111589999991
3725,-9220.72835
3726,550.066829999999
3727,-12595.572100000058
3728,-23609.185480000026
3729,-9859.81014000001
3730,-3329.998723333334
3731,-6323.829360000011
3732,-30809.64391000002
3733,-4965.826630000004
3734,-30128.923690000076
3735,-21122.637550000043
3736,-12397.830540000008
3737,-3984.5289900000043
3738,-12565.718979999978
3739,-18.756049999999842
3740,2014.0827700000038
3741,-10087.074750000013
3742,-16457.801750952407
3743,-30229.544839999995
3744,-9033.427180000024
3745,-221.80172999999922
3746,-29779.241909999993
3747,-6464.8733300000085
3748,-3924.838653333328
3749,-6285.104789999981
3750,-12336.938014000007
3751,-12889.411580000027
3752,-4484.028589999993
3753,-10885.555644999986
3754,-6911.1898380000275
3755,-22794.473199999997
3756,-27224.62740666668
3757,-4598.001550000019
3758,-10845.432969999973
3759,-6279.079707142851
3760,-13691.277990000011
3761,-13533.491630000004
3762,-8041.030049999985
3763,-13097.240753333348
3764,-7199.617120000004
3765,-3065.367129999996
3766,-444.9286999999995
3767,-8752.269465999952
3768,-5053.141350000016
3769,-20205.524840000013
3770,-6495.768190000011
3771,-5614.1902800000325
3772,-7642.717569999977
3773,-13102.814370000007
3774,-4338.138179999996
3775,-5083.953730000021
3776,-17151.138519999986
3777,-5222.07644000001
3778,-7103.618399999991
3779,-6641.311100000004
3780,-16380.811410000053
3781,-4685.357530000001
3782,-4875.237290000012
3783,-7557.831409999997
3784,-1824.2495600000002
3785,1250.406039999996
3786,-10562.78098
3787,-11504.563469999981
3788,-3708.6865199999997
3789,-9503.746630000001
3790,-10050.178535000012
3791,-35447.704240000035
3792,-5073.977240000005
3793,-15245.950803333368
3794,-1529.7170900000026
3795,-2463.4381199999943
3796,-4242.13274000002
3797,-18586.695306666683
3798,-4536.403570000006
3799,-19339.274220000036
3800,-15002.422899999989
3801,-3292.0714083333346
3802,-16118.577840000047
3803,-12237.665169999993
3804,-14781.75406999999
3805,-29717.60778
3806,-3993.0814599999994
3807,-1239.3139300000003
3808,-10908.699189999988
3809,-1278.5125100000027
3810,-30956.34880000011
3811,-5898.084040000002
3812,-3925.089501999994
3813,-14492.398539999976
3814,-34433.14189000006
3815,35.22581999999988
3816,-8188.543349999996
3817,-3913.212726666674
3818,-6402.678239999986
